create table categories
(
    Category_id int                                   null,
    name        varchar(255)                          null,
    tax_value   float                                 null,
    created_at  timestamp default current_timestamp() not null on update current_timestamp(),
    modified_at datetime                              null,
    deleted_at  datetime                              null,
    soort       varchar(64)                           null
);

create table products
(
    Product_id          int(8) auto_increment
        primary key,
    Category_id         int                         null,
    item_no             int                         null,
    product             varchar(50)                 null,
    product_description text                        null,
    extra_description   text                        null,
    stock               int                         null,
    unit_container      varchar(10)                 null,
    unit_material       varchar(50)                 null,
    unit                varchar(5)                  null,
    unit_volume         int                         null,
    unit_volume_type    varchar(5)                  null,
    unit_price          float                       null,
    unit_max_order      int                         null,
    keyword             varchar(100)                null,
    unit_toggle         text                        null,
    company_sale        tinyint                     null,
    badge_bestseller    tinyint                     null,
    badge_new           tinyint                     null,
    badge_available     tinyint                     null,
    badge_natural       tinyint                     null,
    ranking             int                         null,
    img                 text                        null,
    img_2               text                        null,
    img_3               text                        null,
    img_4               text                        null,
    img_5               text                        null,
    img_6               text                        null,
    instruction         varchar(100)                null,
    storage             varchar(100)                null,
    ingredient          text                        null,
    allergen            text                        null,
    energy              varchar(20)                 null,
    fat                 varchar(20)                 null,
    s_fat               varchar(20)                 null,
    carb                varchar(20)                 null,
    sugar               varchar(20)                 null,
    protein             varchar(20)                 null,
    salt                varchar(20)                 null,
    created_at          timestamp                   null,
    updated_at          timestamp default curdate() not null,
    deleted_at          timestamp                   null,
    note                text                        null,
    code                varchar(255)                null,
    constraint product_code
        unique (code)
);

create table password_reset_request
(
    id             int unsigned auto_increment
        primary key,
    user_id        int unsigned not null,
    date_requested datetime     not null,
    token          varchar(255) not null
)
    collate = utf8mb3_unicode_ci;

create table user_types
(
    User_type_id int          not null
        primary key,
    name         varchar(15)  null,
    description  varchar(255) null,
    modified_at  timestamp    null
);

create table users
(
    User_id              int auto_increment
        primary key,
    User_type_id         int                                  not null,
    username             varchar(63)                          not null,
    password             varchar(127)                         not null,
    email                varchar(127)                         null,
    last_login           timestamp                            null,
    last_password_change timestamp                            null,
    created_at           datetime default current_timestamp() null,
    updated_at           datetime default current_timestamp() not null,
    deleted_at           timestamp                            null,
    constraint email
        unique (email),
    constraint username
        unique (username),
    constraint users_ibfk_1
        foreign key (User_type_id) references user_types (User_type_id)
);

create index User_type_id
    on users (User_type_id);

create table admins
(
    Admin_id    int auto_increment
        primary key,
    User_id     int       not null,
    modified_at timestamp null,
    constraint admins_ibfk_1
        foreign key (User_id) references users (User_id)
            on delete cascade
);

create index User_id
    on admins (User_id);

create table companies
(
    Company_id  int auto_increment
        primary key,
    User_id     int         null,
    name        varchar(63) null,
    website     varchar(63) null,
    created_at  timestamp   null,
    modified_at timestamp   null,
    deleted_at  timestamp   null,
    constraint companies_ibfk_1
        foreign key (User_id) references users (User_id)
);

create index User_id
    on companies (User_id);

create table customers
(
    Customer_id  int auto_increment
        primary key,
    User_id      int       not null,
    day_of_birth date      null,
    modified_at  timestamp null,
    constraint customers_ibfk_1
        foreign key (User_id) references users (User_id)
            on delete cascade
);

create index User_id
    on customers (User_id);

create table orders
(
    Order_id    int auto_increment
        primary key,
    User_id     int       not null,
    created_at  timestamp null,
    modified_at timestamp null,
    deleted_at  timestamp null,
    constraint orders_ibfk_1
        foreign key (User_id) references users (User_id)
);

create table contacts
(
    Contact_id    int auto_increment
        primary key,
    User_id       int         not null,
    Order_id      int         null,
    contact_email varchar(63) null,
    contact_phone int         null,
    created_at    timestamp   null,
    modified_at   timestamp   null,
    deleted_at    timestamp   null,
    constraint contacts_ibfk_1
        foreign key (User_id) references users (User_id)
            on delete cascade,
    constraint contacts_ibfk_2
        foreign key (Order_id) references orders (Order_id)
            on delete cascade,
    constraint contacts_ibfk_3
        foreign key (Order_id) references orders (Order_id)
            on delete cascade
);

create index Order_id
    on contacts (Order_id);

create index User_id
    on contacts (User_id);

create table order_items
(
    Order_id    int          not null,
    code        varchar(15)  not null,
    description varchar(127) null,
    quantity    tinyint      not null,
    name        varchar(63)  not null,
    unit_price  float        not null,
    unit_tax    float        not null,
    modified_at timestamp    null,
    deleted_at  timestamp    null,
    primary key (Order_id, code),
    constraint order_items_ibfk_1
        foreign key (Order_id) references orders (Order_id)
            on delete cascade,
    constraint order_items_ibfk_2
        foreign key (code) references products (code)
);

create index code
    on order_items (code);

create table order_payments
(
    Order_payment_id int auto_increment
        primary key,
    Order_id         int          not null,
    method           varchar(31)  not null,
    status           varchar(15)  not null,
    amount           float        not null,
    time_paid        timestamp    null,
    time_due         timestamp    null,
    comment          varchar(255) null,
    created_at       timestamp    null,
    modified_at      timestamp    null,
    deleted_at       timestamp    null,
    constraint order_payments_ibfk_1
        foreign key (Order_id) references orders (Order_id)
            on delete cascade,
    constraint method
        check (`method` in ('ideal', 'mastercard', 'other'))
);

create index Order_id
    on order_payments (Order_id);

create table order_shipments
(
    Order_shipment_id int auto_increment
        primary key,
    Order_id          int         null,
    carrier           varchar(63) not null,
    shipping_cost     float       not null,
    tax_value         float       not null,
    tracking_code     varchar(63) null,
    status            varchar(15) not null,
    date_shipped      datetime    null,
    data_delivered    datetime    null,
    date_preferred    datetime    null,
    created_at        timestamp   null,
    modified_at       timestamp   null,
    deleted_at        timestamp   null,
    constraint order_shipments_ibfk_1
        foreign key (Order_id) references orders (Order_id)
            on delete cascade,
    constraint carrier
        check (`carrier` in ('dhl', 'postnl', 'other'))
);

create table addresses
(
    Address_id        int auto_increment
        primary key,
    User_id           int         not null,
    Order_shipment_id int         null,
    Order_payment_id  int         null,
    type              varchar(15) not null,
    postal            varchar(7)  not null,
    city              varchar(63) not null,
    country           varchar(63) not null,
    province          varchar(63) not null,
    address           varchar(63) not null,
    address_number    tinyint     not null,
    address_secondary varchar(7)  null,
    instruction       varchar(63) null,
    created_at        timestamp   null,
    modified_at       timestamp   null,
    deleted_at        timestamp   null,
    Order_id          int         null,
    constraint Order_payment_id
        unique (Order_payment_id),
    constraint Order_shipment_id
        unique (Order_shipment_id),
    constraint addresses_ibfk_1
        foreign key (User_id) references users (User_id)
            on delete cascade,
    constraint addresses_ibfk_2
        foreign key (Order_shipment_id) references order_shipments (Order_shipment_id)
            on delete cascade,
    constraint addresses_ibfk_3
        foreign key (Order_payment_id) references order_payments (Order_payment_id)
            on delete cascade,
    constraint addresses_ibfk_4
        foreign key (Order_id) references orders (Order_id)
            on delete cascade,
    constraint type
        check (`type` in ('billing', 'shipping', 'shipping_pick-up', 'saved_billing', 'saved_shipping'))
);

create index Order_id
    on addresses (Order_id);

create index User_id
    on addresses (User_id);

create table names
(
    Name_id     int auto_increment
        primary key,
    User_id     int         not null,
    Order_id    int         null,
    Address_id  int         null,
    type        varchar(15) not null,
    first_name  varchar(31) not null,
    last_name   varchar(31) not null,
    initials    varchar(7)  null,
    job_title   varchar(31) null,
    created_at  timestamp   null,
    modified_at timestamp   null,
    deleted_at  timestamp   null,
    constraint names_ibfk_1
        foreign key (User_id) references users (User_id)
            on delete cascade,
    constraint names_ibfk_2
        foreign key (Order_id) references orders (Order_id)
            on delete cascade,
    constraint names_ibfk_3
        foreign key (Address_id) references addresses (Address_id)
            on delete cascade,
    constraint type
        check (`type` in ('user_admin', 'user_business', 'user_consumer', 'addressee', 'saved_addressee'))
);

create index Address_id
    on names (Address_id);

create index Order_id
    on names (Order_id);

create index User_id
    on names (User_id);

create index Order_id
    on order_shipments (Order_id);

create index User_id
    on orders (User_id);

create table reviews
(
    Review_id   int auto_increment
        primary key,
    User_id     int       not null,
    Product_id  int       not null,
    rating      int       not null,
    comment     text      null,
    created_at  timestamp null,
    modified_at timestamp null,
    deleted_at  timestamp null,
    constraint reviews_ibfk_1
        foreign key (User_id) references users (User_id),
    constraint reviews_ibfk_2
        foreign key (Product_id) references products (Product_id)
            on delete cascade,
    constraint rating
        check (`rating` in (1, 2, 3, 4, 5))
);

create index Product_id
    on reviews (Product_id);

create index User_id
    on reviews (User_id);

insert into flevosap.user_types (User_type_id, name, description, modified_at)
values (1, null, null, null),
       (2, null, null, null),
       (3, null, null, null);

insert into flevosap.categories (Category_id, name, tax_value, created_at, modified_at, deleted_at, soort)
values (1, 'Fruitsappen', 0.09, '2022-10-27 13:04:40', null, null, 'Fruit'),
       (2, 'Groentensappen', 0.09, '2022-10-27 13:04:40', null, null, 'Groenten'),
       (3, 'Ijs', 0.09, '2022-10-27 13:04:40', null, null, 'Fruit'),
       (4, 'Fruitsappen klein', 0.09, '2022-10-27 13:04:40', null, null, 'Fruit'),
       (5, 'Groentensappen klein', 0.09, '2022-10-27 13:04:40', null, null, 'Groenten'),
       (6, 'Kind', 0.09, '2022-10-27 13:04:40', null, null, 'Fruit'),
       (7, 'Smoothie', 0.09, '2022-10-27 13:04:40', null, null, 'Fruit');

insert into flevosap.users (User_id, User_type_id, username, password, email, last_login, last_password_change,
                            created_at, updated_at, deleted_at)
values (1, 1, 'Admin', '$2y$10$1DJXsOiWFW56xqdKz5Uc9.IdzNKbWLc3fmdqEJu8l1Rf9nBfGhA/i', 'Admin@gmail.com', null, null,
        '2022-10-28 17:38:42', '2022-10-28 17:38:42', null),
       (2, 2, 'Consumer', '$2y$10$UkvegQaz76aZQWrXOnhcmuDqIqVFiRvGShpaeKdIsCygrA4qDOMC.', 'Consumer@gmail.com', null,
        null, '2022-10-28 17:38:42', '2022-10-29 17:17:40', null),
       (3, 3, 'Company', '$2y$10$RMjYBfVDpUYcaOSpgHUQPO0I2l.bcje0pbh2i7MlwpljTxuaKEBjC', 'Company@gmail.com', null,
        null, '2022-10-28 17:38:42', '2022-10-29 17:17:14', null);

insert into flevosap.password_reset_request (id, user_id, date_requested, token)
values (1, 43, '2022-10-21 20:11:27', 'd5d65f283c462a443a70036de1dbb4f6'),
       (2, 43, '2022-10-21 20:17:54', 'e901e6f433bb0aa2cd904175e38812a4'),
       (3, 43, '2022-10-21 20:29:18', 'c3af30ef2f78a19df0fde57f38083ec4'),
       (4, 43, '2022-10-21 20:36:07', '339d6196f876dc1d700c427c1f779709'),
       (5, 43, '2022-10-21 20:37:42', '58e5f82687be03b96143269c544254f1'),
       (6, 15, '2022-10-21 20:55:04', '49c51da64ec5d1d3c0bdbe6b5f52be4c'),
       (7, 43, '2022-10-21 20:55:12', '8d593997fb1b05debdf802645ca24bb9'),
       (8, 15, '2022-10-21 20:56:08', '3911faf06033c9940436a245f6e77ecd'),
       (9, 43, '2022-10-21 20:56:12', 'c776e4e5f73f3bdcbda9a13c5ac69c66'),
       (10, 43, '2022-10-21 20:57:58', '2e307a5a9654cda15f082fc08866bdfe'),
       (11, 43, '2022-10-21 21:11:19', '77deeb3e155ed2e48ea77aac65e61d2b'),
       (12, 43, '2022-10-21 21:15:42', '1dd08c3d00ce31df45fd218470ac3d6b'),
       (13, 43, '2022-10-21 21:15:46', 'f3d65e1df32e65b3ba247c7502c7359c'),
       (14, 44, '2022-10-21 21:18:34', '3b9b14ad3f56aeb6c1c9fee837f3fc9b'),
       (15, 44, '2022-10-21 21:24:44', '03143de63326c0756a03b6fdd7751430'),
       (16, 44, '2022-10-21 21:27:29', '6e916eff68c17529ddc9454d28f34583'),
       (17, 44, '2022-10-21 21:27:54', '6ea68014f22b1dc17807bce10a4c6df1'),
       (18, 44, '2022-10-21 21:31:09', '7e9b7b49061e9ca45f62a95feadc700a'),
       (19, 45, '2022-10-21 21:32:59', '91ed66ea0d08337df68a86105a3cef0d'),
       (20, 45, '2022-10-21 21:37:36', '260e4804d293cfa99e3ddeb03e40964b'),
       (21, 45, '2022-10-21 21:42:53', 'd862e55ae4d1dd1e83d5025f9da78b30'),
       (22, 45, '2022-10-21 21:48:18', '528501cfd5acee94fd3c6286a1b6f319'),
       (23, 15, '2022-10-21 21:50:50', '8ba8602e082e53ddc1c6a35f256b8bb9'),
       (24, 15, '2022-10-22 17:10:42', '90ee88f1c65dfd76fd3a4f37788e812f'),
       (25, 15, '2022-10-22 17:10:44', 'c97aa9432adf998f78d45e7d480ee616'),
       (26, 15, '2022-10-22 17:10:46', '01692c22fd997fcb4e20780dff67cbd5'),
       (27, 15, '2022-10-22 17:10:54', '8ecc513e4978c414626c2c87007cf294'),
       (28, 15, '2022-10-22 17:12:09', '84c7d1a6480a8c57e7fa7d528a0d4e27'),
       (29, 1, '2022-10-27 11:14:59', 'cc754cda1449c1b9e1624929bab0357d'),
       (30, 1, '2022-10-27 16:07:54', '73a0be7deeeb289aaab49c5ed7611b50'),
       (31, 1, '2022-10-29 15:00:48', 'acda5a13d2b75eaa40086deece8a7ca1'),
       (32, 3, '2022-10-29 15:01:07', 'c6fd1164addb1de13f86a9081598d0e9'),
       (33, 59, '2022-10-29 15:41:31', 'a4d46bb4395a616c4f0824ffb5a45a74');


insert into flevosap.products (Product_id, Category_id, item_no, product, product_description, extra_description, stock, unit_container, unit_material, unit, unit_volume, unit_volume_type, unit_price, unit_max_order, keyword, unit_toggle, company_sale, badge_bestseller, badge_new, badge_available, badge_natural, ranking, img, img_2, img_3, img_4, img_5, img_6, instruction, storage, ingredient, allergen, energy, fat, s_fat, carb, sugar, protein, salt, created_at, updated_at, deleted_at, note, code)
values  (1, 1, null, 'Appel Fles', 'Flevosap appel is 100% puur sap, op ambachtelijke wijze vers geperst op onze boerderij. Door licht te filteren behoudt het sap zn unieke smaak, zonder gebruik te maken van toevoegingen.', 'In de jaren 90 zijn wij, familie vermeulen, gestart met het maken van 100% pure vruchtensappen van fruit uit onze eigen boomgaard. We persen het fruit tot sap op een ambachtelijke, van oorsprong zwitserse, wijze op onze eigen boerderij. Het gemalen fruit wordt slechts eenmaal geperst middels een bandenpers. Daarbij vermijden we het gebruik van allerlei industriele high tech toepassingen en kunstmatige toevoegingen. Alleen zo verkrijgen we ons 100% pure, eerlijke sap, dat net zo Smaakt als het gezonde fruit zelf.', 69, 'Fles', 'Glas, Plaatstaal', 'ce', 1000, 'ml', 1.43, 99, '1000, Appel, Tester', null, null, 1, 1, 0, 0, 1, '/images/dbimg/1-appel-fles.webp', '/images/dbimg/3-peer-fles.webp', '/images/dbimg/5-appel-peer-fles.webp', null, null, null, 'Goed schudden voor gebruik', 'Koel en donker bewaren', 'Appelsap 100%', 'Appel', '194 KJ (46 kcal)', '0,0 g', '0,0 g', '11,2 g', '10,5 g', '0,1 g', '0,0 g', null, '2022-10-20 12:23:12', null, null, 'Artikel: 00001'),
        (2, 1, null, 'Appel Fles (Tray)', 'Flevosap appel is 100% puur sap, op ambachtelijke wijze vers geperst op onze boerderij. Door licht te filteren behoudt het sap zn unieke smaak, zonder gebruik te maken van toevoegingen.', 'In de jaren 90 zijn wij, familie vermeulen, gestart met het maken van 100% pure vruchtensappen van fruit uit onze eigen boomgaard. We persen het fruit tot sap op een ambachtelijke, van oorsprong zwitserse, wijze op onze eigen boerderij. Het gemalen fruit wordt slechts eenmaal geperst middels een bandenpers. Daarbij vermijden we het gebruik van allerlei industriele high tech toepassingen en kunstmatige toevoegingen. Alleen zo verkrijgen we ons 100% pure, eerlijke sap, dat net zo Smaakt als het gezonde fruit zelf.', 55, 'Fles', 'Glas, Plaatstaal', 'tray', 6000, 'ml', 8.58, 99, '6000, Appel', null, null, 1, 1, 0, 0, 4, '/images/dbimg/2-appel-fles.webp', '/images/dbimg/1-appel-fles.webp', '/images/dbimg/1-appel-fles.webp', null, null, null, 'Goed schudden voor gebruik', 'Koel en donker bewaren', 'Appelsap 100%', 'Appel', '194 KJ (46 kcal)', '0,0 g', '0,0 g', '11,2 g', '10,5 g', '0,1 g', '0,0 g', null, '2022-10-17 13:46:21', null, null, 'Artikel: 00002'),
        (3, 1, null, 'Perensap 1L', 'Flevosap peer is 100% puur sap, op ambachtelijke wijze vers geperst op onze boerderij. Door licht te filteren behoudt het sap zn unieke smaak, zonder gebruik te maken van toevoegingen.', 'In de jaren 90 zijn wij, familie vermeulen, gestart met het maken van 100% pure vruchtensappen van fruit uit onze eigen boomgaard. We persen het fruit tot sap op een ambachtelijke, van oorsprong zwitserse, wijze op onze eigen boerderij. Het gemalen fruit wordt slechts eenmaal geperst middels een bandenpers. Daarbij vermijden we het gebruik van allerlei industriele high tech toepassingen en kunstmatige toevoegingen. Alleen zo verkrijgen we ons 100% pure, eerlijke sap, dat net zo Smaakt als het gezonde fruit zelf.', 41, 'Fles', 'Glas, Plaatstaal', 'ce', 1000, 'ml', 1.43, 99, '1000, Appel', null, null, 0, 0, 0, 0, 2, '/images/dbimg/3-peer-fles.webp', '/images/dbimg/3-peer-fles.webp', '/images/dbimg/3-peer-fles.webp', '/images/dbimg/3-peer-fles.webp', null, null, 'Goed schudden voor gebruik', 'Koel en donker bewaren', 'Perensap 100%', 'Peer', '150KJ (35 kcal', '0,0 g', '0,0 g', '8,7 g', '8,7 g', '0,1 g', '0,0 g', null, '2022-10-17 13:46:21', null, null, 'Artikel: 00003'),
        (4, 1, null, 'Peer Fles (Tray)', 'Flevosap peer is 100% puur sap, op ambachtelijke wijze vers geperst op onze boerderij. Door licht te filteren behoudt het sap zn unieke smaak, zonder gebruik te maken van toevoegingen.', 'In de jaren 90 zijn wij, familie vermeulen, gestart met het maken van 100% pure vruchtensappen van fruit uit onze eigen boomgaard. We persen het fruit tot sap op een ambachtelijke, van oorsprong zwitserse, wijze op onze eigen boerderij. Het gemalen fruit wordt slechts eenmaal geperst middels een bandenpers. Daarbij vermijden we het gebruik van allerlei industriele high tech toepassingen en kunstmatige toevoegingen. Alleen zo verkrijgen we ons 100% pure, eerlijke sap, dat net zo Smaakt als het gezonde fruit zelf.', 13, 'Fles', 'Glas, Plaatstaal', 'tray', 6000, 'ml', 8.58, 99, '6000, Appel', null, null, 0, 0, 0, 0, 5, '/images/dbimg/4-peer-fles.webp', '/images/dbimg/3-peer-fles.webp', '/images/dbimg/3-peer-fles.webp', '/images/dbimg/3-peer-fles.webp', null, null, 'Goed schudden voor gebruik', 'Koel en donker bewaren', 'Perensap 100%', 'Peer', '150KJ (35 kcal', '0,0 g', '0,0 g', '8,7 g', '8,7 g', '0,1 g', '0,0 g', null, '2022-10-17 13:46:21', null, null, 'Artikel: 00004'),
        (5, 1, null, 'Appel Peer Fles', 'Flevosap appel peer is 100% puur sap, op ambachtelijke wijze vers geperst op onze boerderij. Door licht te filteren behoudt het sap zn unieke smaak, zonder gebruik te maken van toevoegingen.', 'In de jaren 90 zijn wij, familie vermeulen, gestart met het maken van 100% pure vruchtensappen van fruit uit onze eigen boomgaard. We persen het fruit tot sap op een ambachtelijke, van oorsprong zwitserse, wijze op onze eigen boerderij. Het gemalen fruit wordt slechts eenmaal geperst middels een bandenpers. Daarbij vermijden we het gebruik van allerlei industriele high tech toepassingen en kunstmatige toevoegingen. Alleen zo verkrijgen we ons 100% pure, eerlijke sap, dat net zo Smaakt als het gezonde fruit zelf.', 42, 'Fles', 'Glas, Plaatstaal', 'ce', 1000, 'ml', 1.43, 99, '1000, Peer', null, null, 0, 1, 0, 0, 7, '/images/dbimg/5-appel-peer-fles.webp', '/images/dbimg/5-appel-peer-fles.webp', '/images/dbimg/5-appel-peer-fles.webp', '/images/dbimg/5-appel-peer-fles.webp', '/images/dbimg/5-appel-peer-fles.webp', '/images/dbimg/5-appel-peer-fles.webp', 'Goed schudden voor gebruik', 'Koel en donker bewaren', 'Appelsap 50%, Perensap 50%', 'Appel, Peer', '172 KJ (41 kcal)', '0,0 g', '0,0 g', '10,0 g', '9,6 g', '0,1 g', '0,0 g', null, '2022-10-19 23:58:41', null, null, 'Artikel: 00005'),
        (6, 1, null, 'Appel Peer Fles (Tray)', 'Flevosap appel peer is 100% puur sap, op ambachtelijke wijze vers geperst op onze boerderij. Door licht te filteren behoudt het sap zn unieke smaak, zonder gebruik te maken van toevoegingen.', 'In de jaren 90 zijn wij, familie vermeulen, gestart met het maken van 100% pure vruchtensappen van fruit uit onze eigen boomgaard. We persen het fruit tot sap op een ambachtelijke, van oorsprong zwitserse, wijze op onze eigen boerderij. Het gemalen fruit wordt slechts eenmaal geperst middels een bandenpers. Daarbij vermijden we het gebruik van allerlei industriele high tech toepassingen en kunstmatige toevoegingen. Alleen zo verkrijgen we ons 100% pure, eerlijke sap, dat net zo Smaakt als het gezonde fruit zelf.', 84, 'Fles', 'Glas, Plaatstaal', 'tray', 6000, 'ml', 8.58, 99, '6000, Peer', null, null, 0, 1, 0, 0, 6, '/images/dbimg/6-appel-peer-fles.webp', '/images/dbimg/5-appel-peer-fles.webp', '/images/dbimg/5-appel-peer-fles.webp', '/images/dbimg/5-appel-peer-fles.webp', '/images/dbimg/5-appel-peer-fles.webp', '/images/dbimg/5-appel-peer-fles.webp', 'Goed schudden voor gebruik', 'Koel en donker bewaren', 'Appelsap 50%, Perensap 50%', 'Appel, Peer', '172 KJ (41 kcal)', '0,0 g', '0,0 g', '10,0 g', '9,6 g', '0,1 g', '0,0 g', null, '2022-10-17 13:46:21', null, null, 'Artikel: 00006'),
        (7, 1, null, 'Appel-Cassis Sap 1L', 'Flevosap appel is 100% puur sap, op ambachtelijke wijze vers geperst op onze boerderij. Door licht te filteren behoudt het sap zn unieke smaak, zonder gebruik te maken van toevoegingen.', 'In de jaren 90 zijn wij, familie vermeulen, gestart met het maken van 100% pure vruchtensappen van fruit uit onze eigen boomgaard. We persen het fruit tot sap op een ambachtelijke, van oorsprong zwitserse, wijze op onze eigen boerderij. Het gemalen fruit wordt slechts eenmaal geperst middels een bandenpers. Daarbij vermijden we het gebruik van allerlei industriele high tech toepassingen en kunstmatige toevoegingen. Alleen zo verkrijgen we ons 100% pure, eerlijke sap, dat net zo Smaakt als het gezonde fruit zelf.', 9, 'Fles', 'Glas, Plaatstaal', 'ce', 1000, 'ml', 1.43, 99, '1000, Fles, Glas, Liter, Appel, Cassis', null, null, 1, 0, 0, 0, null, '/images/dbimg/7-appel-cassis-fles.webp', null, null, null, null, null, 'Goed schudden voor gebruik', 'Koel en donker bewaren', 'Appelsap 100%', 'Appel', '194 KJ (46 kcal)', '0,0 g', '0,0 g', '11,2 g', '10,5 g', '0,1 g', '0,0 g', null, '2022-10-17 13:46:21', null, null, 'Artikel: 00007'),
        (8, 1, null, 'Appel Cassis Fles (Tray)', 'Flevosap appel is 100% puur sap, op ambachtelijke wijze vers geperst op onze boerderij. Door licht te filteren behoudt het sap zn unieke smaak, zonder gebruik te maken van toevoegingen.', 'In de jaren 90 zijn wij, familie vermeulen, gestart met het maken van 100% pure vruchtensappen van fruit uit onze eigen boomgaard. We persen het fruit tot sap op een ambachtelijke, van oorsprong zwitserse, wijze op onze eigen boerderij. Het gemalen fruit wordt slechts eenmaal geperst middels een bandenpers. Daarbij vermijden we het gebruik van allerlei industriele high tech toepassingen en kunstmatige toevoegingen. Alleen zo verkrijgen we ons 100% pure, eerlijke sap, dat net zo Smaakt als het gezonde fruit zelf.', 12, 'Fles', 'Glas, Plaatstaal', 'tray', 6000, 'ml', 8.58, 99, '6000, Fles, Glas, Liter, Appel, Cassis, Tray', null, null, 1, 0, 0, 0, null, '/images/dbimg/8-appel-cassis-fles.webp', null, null, null, null, null, 'Goed schudden voor gebruik', 'Koel en donker bewaren', 'Appelsap 100%', 'Appel', '194 KJ (46 kcal)', '0,0 g', '0,0 g', '11,2 g', '10,5 g', '0,1 g', '0,0 g', null, '2022-10-17 13:46:21', null, null, 'Artikel: 00008'),
        (9, 1, null, 'Appel Citroen Fles', 'Flevosap peer is 100% puur sap, op ambachtelijke wijze vers geperst op onze boerderij. Door licht te filteren behoudt het sap zn unieke smaak, zonder gebruik te maken van toevoegingen.', 'In de jaren 90 zijn wij, familie vermeulen, gestart met het maken van 100% pure vruchtensappen van fruit uit onze eigen boomgaard. We persen het fruit tot sap op een ambachtelijke, van oorsprong zwitserse, wijze op onze eigen boerderij. Het gemalen fruit wordt slechts eenmaal geperst middels een bandenpers. Daarbij vermijden we het gebruik van allerlei industriele high tech toepassingen en kunstmatige toevoegingen. Alleen zo verkrijgen we ons 100% pure, eerlijke sap, dat net zo Smaakt als het gezonde fruit zelf.', 4, 'Fles', 'Glas, Plaatstaal', 'ce', 1000, 'ml', 1.43, 99, '1000, Fles, Glas, Liter, Appel, Citroen', null, null, 1, 0, 0, 0, null, '/images/dbimg/9-appel-citroen-fles.webp', null, null, null, null, null, 'Goed schudden voor gebruik', 'Koel en donker bewaren', 'Perensap 100%', 'Peer', '150KJ (35 kcal', '0,0 g', '0,0 g', '8,7 g', '8,7 g', '0,1 g', '0,0 g', null, '2022-10-17 13:46:21', null, null, 'Artikel: 00009'),
        (10, 1, null, 'Appel Citroen Fles (Tray)', 'Flevosap peer is 100% puur sap, op ambachtelijke wijze vers geperst op onze boerderij. Door licht te filteren behoudt het sap zn unieke smaak, zonder gebruik te maken van toevoegingen.', 'In de jaren 90 zijn wij, familie vermeulen, gestart met het maken van 100% pure vruchtensappen van fruit uit onze eigen boomgaard. We persen het fruit tot sap op een ambachtelijke, van oorsprong zwitserse, wijze op onze eigen boerderij. Het gemalen fruit wordt slechts eenmaal geperst middels een bandenpers. Daarbij vermijden we het gebruik van allerlei industriele high tech toepassingen en kunstmatige toevoegingen. Alleen zo verkrijgen we ons 100% pure, eerlijke sap, dat net zo Smaakt als het gezonde fruit zelf.', 15, 'Fles', 'Glas, Plaatstaal', 'tray', 6000, 'ml', 8.58, 99, '6000, Fles, Glas, Liter, Appel, Citroen, Tray', null, null, 1, 0, 0, 0, null, '/images/dbimg/10-appel-citroen-fles.webp', null, null, null, null, null, 'Goed schudden voor gebruik', 'Koel en donker bewaren', 'Perensap 100%', 'Peer', '150KJ (35 kcal', '0,0 g', '0,0 g', '8,7 g', '8,7 g', '0,1 g', '0,0 g', null, '2022-10-17 13:46:21', null, null, 'Artikel: 00010'),
        (11, 1, null, 'Appel Rabarber Fles', 'Flevosap appel peer is 100% puur sap, op ambachtelijke wijze vers geperst op onze boerderij. Door licht te filteren behoudt het sap zn unieke smaak, zonder gebruik te maken van toevoegingen.', 'In de jaren 90 zijn wij, familie vermeulen, gestart met het maken van 100% pure vruchtensappen van fruit uit onze eigen boomgaard. We persen het fruit tot sap op een ambachtelijke, van oorsprong zwitserse, wijze op onze eigen boerderij. Het gemalen fruit wordt slechts eenmaal geperst middels een bandenpers. Daarbij vermijden we het gebruik van allerlei industriele high tech toepassingen en kunstmatige toevoegingen. Alleen zo verkrijgen we ons 100% pure, eerlijke sap, dat net zo Smaakt als het gezonde fruit zelf.', 2, 'Fles', 'Glas, Plaatstaal', 'ce', 1000, 'ml', 1.43, 99, '1000, Fles, Glas, Liter, Appel, Rabarber', null, null, 1, 0, 0, 0, null, '/images/dbimg/11-appel-rabarber-fles.webp', null, null, null, null, null, 'Goed schudden voor gebruik', 'Koel en donker bewaren', 'Appelsap 50%, Perensap 50%', 'Appel, Peer', '172 KJ (41 kcal)', '0,0 g', '0,0 g', '10,0 g', '9,6 g', '0,1 g', '0,0 g', null, '2022-10-17 13:46:21', null, null, 'Artikel: 00011'),
        (12, 1, null, 'Appel Rabarber Fles (Tray)', 'Flevosap appel peer is 100% puur sap, op ambachtelijke wijze vers geperst op onze boerderij. Door licht te filteren behoudt het sap zn unieke smaak, zonder gebruik te maken van toevoegingen.', 'In de jaren 90 zijn wij, familie vermeulen, gestart met het maken van 100% pure vruchtensappen van fruit uit onze eigen boomgaard. We persen het fruit tot sap op een ambachtelijke, van oorsprong zwitserse, wijze op onze eigen boerderij. Het gemalen fruit wordt slechts eenmaal geperst middels een bandenpers. Daarbij vermijden we het gebruik van allerlei industriele high tech toepassingen en kunstmatige toevoegingen. Alleen zo verkrijgen we ons 100% pure, eerlijke sap, dat net zo Smaakt als het gezonde fruit zelf.', 13, 'Fles', 'Glas, Plaatstaal', 'tray', 6000, 'ml', 8.58, 99, '6000, Fles, Glas, Liter, Appel, Rabarber, Tray', null, null, 1, 0, 0, 0, null, '/images/dbimg/12-appel-rabarber-fles.webp', null, null, null, null, null, 'Goed schudden voor gebruik', 'Koel en donker bewaren', 'Appelsap 50%, Perensap 50%', 'Appel, Peer', '172 KJ (41 kcal)', '0,0 g', '0,0 g', '10,0 g', '9,6 g', '0,1 g', '0,0 g', null, '2022-10-17 13:46:21', null, null, 'Artikel: 00012'),
        (13, 1, null, 'Appel Ananas Perzik Fles', 'Flevosap appel is 100% puur sap, op ambachtelijke wijze vers geperst op onze boerderij. Door licht te filteren behoudt het sap zn unieke smaak, zonder gebruik te maken van toevoegingen.', 'In de jaren 90 zijn wij, familie vermeulen, gestart met het maken van 100% pure vruchtensappen van fruit uit onze eigen boomgaard. We persen het fruit tot sap op een ambachtelijke, van oorsprong zwitserse, wijze op onze eigen boerderij. Het gemalen fruit wordt slechts eenmaal geperst middels een bandenpers. Daarbij vermijden we het gebruik van allerlei industriele high tech toepassingen en kunstmatige toevoegingen. Alleen zo verkrijgen we ons 100% pure, eerlijke sap, dat net zo Smaakt als het gezonde fruit zelf.', 1, 'Fles', 'Glas, Plaatstaal', 'ce', 1000, 'ml', 1.43, 99, '1000, Fles, Glas, Liter, Ananas, Perzik', null, null, 1, 0, 0, 0, null, '/images/dbimg/13-appel-ananas-perzik-fles.webp', null, null, null, null, null, 'Goed schudden voor gebruik', 'Koel en donker bewaren', 'Appelsap 100%', 'Appel', '194 KJ (46 kcal)', '0,0 g', '0,0 g', '11,2 g', '10,5 g', '0,1 g', '0,0 g', null, '2022-10-19 21:52:53', null, null, 'Artikel: 00013'),
        (14, 1, null, 'Appel Ananas Perzik Fles (Tray)', 'Flevosap appel is 100% puur sap, op ambachtelijke wijze vers geperst op onze boerderij. Door licht te filteren behoudt het sap zn unieke smaak, zonder gebruik te maken van toevoegingen.', 'In de jaren 90 zijn wij, familie vermeulen, gestart met het maken van 100% pure vruchtensappen van fruit uit onze eigen boomgaard. We persen het fruit tot sap op een ambachtelijke, van oorsprong zwitserse, wijze op onze eigen boerderij. Het gemalen fruit wordt slechts eenmaal geperst middels een bandenpers. Daarbij vermijden we het gebruik van allerlei industriele high tech toepassingen en kunstmatige toevoegingen. Alleen zo verkrijgen we ons 100% pure, eerlijke sap, dat net zo Smaakt als het gezonde fruit zelf.', 13, 'Fles', 'Glas, Plaatstaal', 'tray', 6000, 'ml', 8.58, 99, '6000, Fles, Glas, Liter, Ananas, Perzik, Tray', null, null, 1, 0, 0, 0, null, '/images/dbimg/14-appel-ananas-perzik-fles.webp', null, null, null, null, null, 'Goed schudden voor gebruik', 'Koel en donker bewaren', 'Appelsap 100%', 'Appel', '194 KJ (46 kcal)', '0,0 g', '0,0 g', '11,2 g', '10,5 g', '0,1 g', '0,0 g', null, '2022-10-17 13:46:21', null, null, 'Artikel: 00014'),
        (15, 1, null, 'Appel Sinaasappel Fles', 'Flevosap peer is 100% puur sap, op ambachtelijke wijze vers geperst op onze boerderij. Door licht te filteren behoudt het sap zn unieke smaak, zonder gebruik te maken van toevoegingen.', 'In de jaren 90 zijn wij, familie vermeulen, gestart met het maken van 100% pure vruchtensappen van fruit uit onze eigen boomgaard. We persen het fruit tot sap op een ambachtelijke, van oorsprong zwitserse, wijze op onze eigen boerderij. Het gemalen fruit wordt slechts eenmaal geperst middels een bandenpers. Daarbij vermijden we het gebruik van allerlei industriele high tech toepassingen en kunstmatige toevoegingen. Alleen zo verkrijgen we ons 100% pure, eerlijke sap, dat net zo Smaakt als het gezonde fruit zelf.', 11, 'Fles', 'Glas, Plaatstaal', 'ce', 1000, 'ml', 1.43, 99, '1000, Fles, Glas, Liter, Appel, Sinaasappel', null, null, 0, 0, 0, 0, null, '/images/dbimg/15-appel-sinaasappel-fles.webp', null, null, null, null, null, 'Goed schudden voor gebruik', 'Koel en donker bewaren', 'Perensap 100%', 'Peer', '150KJ (35 kcal', '0,0 g', '0,0 g', '8,7 g', '8,7 g', '0,1 g', '0,0 g', null, '2022-10-17 13:46:21', null, null, 'Artikel: 00015'),
        (16, 1, null, 'Appel Sinaasappel Fles (Tray)', 'Flevosap peer is 100% puur sap, op ambachtelijke wijze vers geperst op onze boerderij. Door licht te filteren behoudt het sap zn unieke smaak, zonder gebruik te maken van toevoegingen.', 'In de jaren 90 zijn wij, familie vermeulen, gestart met het maken van 100% pure vruchtensappen van fruit uit onze eigen boomgaard. We persen het fruit tot sap op een ambachtelijke, van oorsprong zwitserse, wijze op onze eigen boerderij. Het gemalen fruit wordt slechts eenmaal geperst middels een bandenpers. Daarbij vermijden we het gebruik van allerlei industriele high tech toepassingen en kunstmatige toevoegingen. Alleen zo verkrijgen we ons 100% pure, eerlijke sap, dat net zo Smaakt als het gezonde fruit zelf.', 13, 'Fles', 'Glas, Plaatstaal', 'tray', 6000, 'ml', 8.58, 99, '6000, Fles, Glas, Liter, Appel, Sinaasappel, Tray', null, null, 0, 0, 0, 0, null, '/images/dbimg/16-appel-sinaasappel-fles.webp', null, null, null, null, null, 'Goed schudden voor gebruik', 'Koel en donker bewaren', 'Perensap 100%', 'Peer', '150KJ (35 kcal', '0,0 g', '0,0 g', '8,7 g', '8,7 g', '0,1 g', '0,0 g', null, '2022-10-17 13:46:21', null, null, 'Artikel: 00016'),
        (17, 1, null, 'Appel Aardbei Fles', 'Flevosap appel peer is 100% puur sap, op ambachtelijke wijze vers geperst op onze boerderij. Door licht te filteren behoudt het sap zn unieke smaak, zonder gebruik te maken van toevoegingen.', 'In de jaren 90 zijn wij, familie vermeulen, gestart met het maken van 100% pure vruchtensappen van fruit uit onze eigen boomgaard. We persen het fruit tot sap op een ambachtelijke, van oorsprong zwitserse, wijze op onze eigen boerderij. Het gemalen fruit wordt slechts eenmaal geperst middels een bandenpers. Daarbij vermijden we het gebruik van allerlei industriele high tech toepassingen en kunstmatige toevoegingen. Alleen zo verkrijgen we ons 100% pure, eerlijke sap, dat net zo Smaakt als het gezonde fruit zelf.', 21, 'Fles', 'Glas, Plaatstaal', 'ce', 1000, 'ml', 1.43, 99, '1000, Fles, Glas, Liter, Appel, Kers', null, null, 0, 0, 0, 0, null, '/images/dbimg/17-appel-aardbei-fles.webp', null, null, null, null, null, 'Goed schudden voor gebruik', 'Koel en donker bewaren', 'Appelsap 50%, Perensap 50%', 'Appel, Peer', '172 KJ (41 kcal)', '0,0 g', '0,0 g', '10,0 g', '9,6 g', '0,1 g', '0,0 g', null, '2022-10-17 13:46:21', null, null, 'Artikel: 00017'),
        (18, 1, null, 'Appel Aardbei Fles (Tray)', 'Flevosap appel peer is 100% puur sap, op ambachtelijke wijze vers geperst op onze boerderij. Door licht te filteren behoudt het sap zn unieke smaak, zonder gebruik te maken van toevoegingen.', 'In de jaren 90 zijn wij, familie vermeulen, gestart met het maken van 100% pure vruchtensappen van fruit uit onze eigen boomgaard. We persen het fruit tot sap op een ambachtelijke, van oorsprong zwitserse, wijze op onze eigen boerderij. Het gemalen fruit wordt slechts eenmaal geperst middels een bandenpers. Daarbij vermijden we het gebruik van allerlei industriele high tech toepassingen en kunstmatige toevoegingen. Alleen zo verkrijgen we ons 100% pure, eerlijke sap, dat net zo Smaakt als het gezonde fruit zelf.', 3, 'Fles', 'Glas, Plaatstaal', 'tray', 6000, 'ml', 8.58, 99, '6000, Fles, Glas, Liter, Appel, Kers, Tray', null, null, 0, 0, 0, 0, null, '/images/dbimg/18-appel-aardbei-fles.webp', null, null, null, null, null, 'Goed schudden voor gebruik', 'Koel en donker bewaren', 'Appelsap 50%, Perensap 50%', 'Appel, Peer', '172 KJ (41 kcal)', '0,0 g', '0,0 g', '10,0 g', '9,6 g', '0,1 g', '0,0 g', null, '2022-10-17 13:46:21', null, null, 'Artikel: 00018'),
        (19, 1, null, 'Appel Kers Fles', 'Flevosap appel is 100% puur sap, op ambachtelijke wijze vers geperst op onze boerderij. Door licht te filteren behoudt het sap zn unieke smaak, zonder gebruik te maken van toevoegingen.', 'In de jaren 90 zijn wij, familie vermeulen, gestart met het maken van 100% pure vruchtensappen van fruit uit onze eigen boomgaard. We persen het fruit tot sap op een ambachtelijke, van oorsprong zwitserse, wijze op onze eigen boerderij. Het gemalen fruit wordt slechts eenmaal geperst middels een bandenpers. Daarbij vermijden we het gebruik van allerlei industriele high tech toepassingen en kunstmatige toevoegingen. Alleen zo verkrijgen we ons 100% pure, eerlijke sap, dat net zo Smaakt als het gezonde fruit zelf.', 1, 'Fles', 'Glas, Plaatstaal', 'ce', 1000, 'ml', 1.43, 99, '1000, Fles, Glas, Liter, Appel, Kers', null, null, 0, 0, 0, 0, null, '/images/dbimg/19-appel-kers-fles.webp', null, null, null, null, null, 'Goed schudden voor gebruik', 'Koel en donker bewaren', 'Appelsap 100%', 'Appel', '194 KJ (46 kcal)', '0,0 g', '0,0 g', '11,2 g', '10,5 g', '0,1 g', '0,0 g', null, '2022-10-17 13:46:21', null, null, 'Artikel: 00019'),
        (20, 1, null, 'Appel Kers Fles (Tray)', 'Flevosap appel is 100% puur sap, op ambachtelijke wijze vers geperst op onze boerderij. Door licht te filteren behoudt het sap zn unieke smaak, zonder gebruik te maken van toevoegingen.', 'In de jaren 90 zijn wij, familie vermeulen, gestart met het maken van 100% pure vruchtensappen van fruit uit onze eigen boomgaard. We persen het fruit tot sap op een ambachtelijke, van oorsprong zwitserse, wijze op onze eigen boerderij. Het gemalen fruit wordt slechts eenmaal geperst middels een bandenpers. Daarbij vermijden we het gebruik van allerlei industriele high tech toepassingen en kunstmatige toevoegingen. Alleen zo verkrijgen we ons 100% pure, eerlijke sap, dat net zo Smaakt als het gezonde fruit zelf.', 31, 'Fles', 'Glas, Plaatstaal', 'tray', 6000, 'ml', 8.58, 99, '6000, Fles, Glas, Liter, Appel, Kers, Tray', null, null, 0, 0, 0, 0, null, '/images/dbimg/20-appel-kers-fles.webp', null, null, null, null, null, 'Goed schudden voor gebruik', 'Koel en donker bewaren', 'Appelsap 100%', 'Appel', '194 KJ (46 kcal)', '0,0 g', '0,0 g', '11,2 g', '10,5 g', '0,1 g', '0,0 g', null, '2022-10-17 13:46:21', null, null, 'Artikel: 00020'),
        (21, 1, null, 'Appel Cranberry Fles', 'Flevosap peer is 100% puur sap, op ambachtelijke wijze vers geperst op onze boerderij. Door licht te filteren behoudt het sap zn unieke smaak, zonder gebruik te maken van toevoegingen.', 'In de jaren 90 zijn wij, familie vermeulen, gestart met het maken van 100% pure vruchtensappen van fruit uit onze eigen boomgaard. We persen het fruit tot sap op een ambachtelijke, van oorsprong zwitserse, wijze op onze eigen boerderij. Het gemalen fruit wordt slechts eenmaal geperst middels een bandenpers. Daarbij vermijden we het gebruik van allerlei industriele high tech toepassingen en kunstmatige toevoegingen. Alleen zo verkrijgen we ons 100% pure, eerlijke sap, dat net zo Smaakt als het gezonde fruit zelf.', 12, 'Fles', 'Glas, Plaatstaal', 'ce', 1000, 'ml', 1.43, 99, '1000, Fles, Glas, Liter, Appel, Cranberry', null, null, 0, 0, 0, 0, null, '/images/dbimg/21-appel-cranberry-fles.webp', null, null, null, null, null, 'Goed schudden voor gebruik', 'Koel en donker bewaren', 'Perensap 100%', 'Peer', '150KJ (35 kcal', '0,0 g', '0,0 g', '8,7 g', '8,7 g', '0,1 g', '0,0 g', null, '2022-10-17 13:46:21', null, null, 'Artikel: 00021'),
        (22, 1, null, 'Appel Cranberry Fles (Tray)', 'Flevosap peer is 100% puur sap, op ambachtelijke wijze vers geperst op onze boerderij. Door licht te filteren behoudt het sap zn unieke smaak, zonder gebruik te maken van toevoegingen.', 'In de jaren 90 zijn wij, familie vermeulen, gestart met het maken van 100% pure vruchtensappen van fruit uit onze eigen boomgaard. We persen het fruit tot sap op een ambachtelijke, van oorsprong zwitserse, wijze op onze eigen boerderij. Het gemalen fruit wordt slechts eenmaal geperst middels een bandenpers. Daarbij vermijden we het gebruik van allerlei industriele high tech toepassingen en kunstmatige toevoegingen. Alleen zo verkrijgen we ons 100% pure, eerlijke sap, dat net zo Smaakt als het gezonde fruit zelf.', 15, 'Fles', 'Glas, Plaatstaal', 'tray', 6000, 'ml', 8.58, 99, '6000, Fles, Glas, Liter, Appel, Cranberry, Tray', null, null, 0, 0, 0, 0, null, '/images/dbimg/22-appel-cranberry-fles.webp', null, null, null, null, null, 'Goed schudden voor gebruik', 'Koel en donker bewaren', 'Perensap 100%', 'Peer', '150KJ (35 kcal', '0,0 g', '0,0 g', '8,7 g', '8,7 g', '0,1 g', '0,0 g', null, '2022-10-17 13:46:21', null, null, 'Artikel: 00022'),
        (23, 1, null, 'Sinaasappel Fles', 'Flevosap appel peer is 100% puur sap, op ambachtelijke wijze vers geperst op onze boerderij. Door licht te filteren behoudt het sap zn unieke smaak, zonder gebruik te maken van toevoegingen.', 'In de jaren 90 zijn wij, familie vermeulen, gestart met het maken van 100% pure vruchtensappen van fruit uit onze eigen boomgaard. We persen het fruit tot sap op een ambachtelijke, van oorsprong zwitserse, wijze op onze eigen boerderij. Het gemalen fruit wordt slechts eenmaal geperst middels een bandenpers. Daarbij vermijden we het gebruik van allerlei industriele high tech toepassingen en kunstmatige toevoegingen. Alleen zo verkrijgen we ons 100% pure, eerlijke sap, dat net zo Smaakt als het gezonde fruit zelf.', 99, 'Fles', 'Glas, Plaatstaal', 'ce', 1000, 'ml', 1.43, 99, '1000, Fles, Glas, Liter, Sinaasappel', null, null, 0, 0, 0, 0, null, '/images/dbimg/23-sinaasappel-fles.webp', null, null, null, null, null, 'Goed schudden voor gebruik', 'Koel en donker bewaren', 'Appelsap 50%, Perensap 50%', 'Appel, Peer', '172 KJ (41 kcal)', '0,0 g', '0,0 g', '10,0 g', '9,6 g', '0,1 g', '0,0 g', null, '2022-10-17 13:46:21', null, null, 'Artikel: 00023'),
        (24, 1, null, 'Sinaasappel Fles (Tray)', 'Flevosap appel peer is 100% puur sap, op ambachtelijke wijze vers geperst op onze boerderij. Door licht te filteren behoudt het sap zn unieke smaak, zonder gebruik te maken van toevoegingen.', 'In de jaren 90 zijn wij, familie vermeulen, gestart met het maken van 100% pure vruchtensappen van fruit uit onze eigen boomgaard. We persen het fruit tot sap op een ambachtelijke, van oorsprong zwitserse, wijze op onze eigen boerderij. Het gemalen fruit wordt slechts eenmaal geperst middels een bandenpers. Daarbij vermijden we het gebruik van allerlei industriele high tech toepassingen en kunstmatige toevoegingen. Alleen zo verkrijgen we ons 100% pure, eerlijke sap, dat net zo Smaakt als het gezonde fruit zelf.', 88, 'Fles', 'Glas, Plaatstaal', 'tray', 6000, 'ml', 8.58, 99, '6000, Fles, Glas, Liter, Sinaasappel, Tray', null, null, 0, 1, 0, 0, null, '/images/dbimg/24-sinaasappel-fles.webp', null, null, null, null, null, 'Goed schudden voor gebruik', 'Koel en donker bewaren', 'Appelsap 50%, Perensap 50%', 'Appel, Peer', '172 KJ (41 kcal)', '0,0 g', '0,0 g', '10,0 g', '9,6 g', '0,1 g', '0,0 g', null, '2022-10-17 13:46:21', null, null, 'Artikel: 00024'),
        (25, 1, null, 'Appel Peer Zwarte Bes Fles', 'Flevosap appel is 100% puur sap, op ambachtelijke wijze vers geperst op onze boerderij. Door licht te filteren behoudt het sap zn unieke smaak, zonder gebruik te maken van toevoegingen.', 'In de jaren 90 zijn wij, familie vermeulen, gestart met het maken van 100% pure vruchtensappen van fruit uit onze eigen boomgaard. We persen het fruit tot sap op een ambachtelijke, van oorsprong zwitserse, wijze op onze eigen boerderij. Het gemalen fruit wordt slechts eenmaal geperst middels een bandenpers. Daarbij vermijden we het gebruik van allerlei industriele high tech toepassingen en kunstmatige toevoegingen. Alleen zo verkrijgen we ons 100% pure, eerlijke sap, dat net zo Smaakt als het gezonde fruit zelf.', 77, 'Fles', 'Glas, Plaatstaal', 'ce', 1000, 'ml', 1.43, 99, '1000, Fles, Glas, Liter, Appel, Peer, Zwarte Bes', null, null, 0, 0, 0, 0, null, '/images/dbimg/25-appel-peer-zwartebes-fles.webp', null, null, null, null, null, 'Goed schudden voor gebruik', 'Koel en donker bewaren', 'Appelsap 100%', 'Appel', '194 KJ (46 kcal)', '0,0 g', '0,0 g', '11,2 g', '10,5 g', '0,1 g', '0,0 g', null, '2022-10-17 13:46:21', null, null, 'Artikel: 00025'),
        (26, 1, null, 'Appel Peer Zwarte Bes Fles (Tray)', 'Flevosap appel is 100% puur sap, op ambachtelijke wijze vers geperst op onze boerderij. Door licht te filteren behoudt het sap zn unieke smaak, zonder gebruik te maken van toevoegingen.', 'In de jaren 90 zijn wij, familie vermeulen, gestart met het maken van 100% pure vruchtensappen van fruit uit onze eigen boomgaard. We persen het fruit tot sap op een ambachtelijke, van oorsprong zwitserse, wijze op onze eigen boerderij. Het gemalen fruit wordt slechts eenmaal geperst middels een bandenpers. Daarbij vermijden we het gebruik van allerlei industriele high tech toepassingen en kunstmatige toevoegingen. Alleen zo verkrijgen we ons 100% pure, eerlijke sap, dat net zo Smaakt als het gezonde fruit zelf.', 66, 'Fles', 'Glas, Plaatstaal', 'tray', 6000, 'ml', 8.58, 99, '6000, Fles, Glas, Liter, Appel, Peer, Zwarte Bes, Tray', null, null, 0, 0, 0, 0, null, '/images/dbimg/26-appel-peer-zwartebes-fles.webp', null, null, null, null, null, 'Goed schudden voor gebruik', 'Koel en donker bewaren', 'Appelsap 100%', 'Appel', '194 KJ (46 kcal)', '0,0 g', '0,0 g', '11,2 g', '10,5 g', '0,1 g', '0,0 g', null, '2022-10-17 13:46:21', null, null, 'Artikel: 00026'),
        (27, 1, null, 'Peer Cranberry Fles', 'Flevosap peer is 100% puur sap, op ambachtelijke wijze vers geperst op onze boerderij. Door licht te filteren behoudt het sap zn unieke smaak, zonder gebruik te maken van toevoegingen.', 'In de jaren 90 zijn wij, familie vermeulen, gestart met het maken van 100% pure vruchtensappen van fruit uit onze eigen boomgaard. We persen het fruit tot sap op een ambachtelijke, van oorsprong zwitserse, wijze op onze eigen boerderij. Het gemalen fruit wordt slechts eenmaal geperst middels een bandenpers. Daarbij vermijden we het gebruik van allerlei industriele high tech toepassingen en kunstmatige toevoegingen. Alleen zo verkrijgen we ons 100% pure, eerlijke sap, dat net zo Smaakt als het gezonde fruit zelf.', 55, 'Fles', 'Glas, Plaatstaal', 'ce', 1000, 'ml', 1.43, 99, '1000, Fles, Glas, Liter, Peer, Cranberry', null, null, 0, 0, 0, 0, null, '/images/dbimg/27-peer-cranberry-fles.webp', null, null, null, null, null, 'Goed schudden voor gebruik', 'Koel en donker bewaren', 'Perensap 100%', 'Peer', '150KJ (35 kcal', '0,0 g', '0,0 g', '8,7 g', '8,7 g', '0,1 g', '0,0 g', null, '2022-10-17 13:46:21', null, null, 'Artikel: 00027'),
        (28, 1, null, 'Peer Cranberry Fles (Tray)', 'Flevosap peer is 100% puur sap, op ambachtelijke wijze vers geperst op onze boerderij. Door licht te filteren behoudt het sap zn unieke smaak, zonder gebruik te maken van toevoegingen.', 'In de jaren 90 zijn wij, familie vermeulen, gestart met het maken van 100% pure vruchtensappen van fruit uit onze eigen boomgaard. We persen het fruit tot sap op een ambachtelijke, van oorsprong zwitserse, wijze op onze eigen boerderij. Het gemalen fruit wordt slechts eenmaal geperst middels een bandenpers. Daarbij vermijden we het gebruik van allerlei industriele high tech toepassingen en kunstmatige toevoegingen. Alleen zo verkrijgen we ons 100% pure, eerlijke sap, dat net zo Smaakt als het gezonde fruit zelf.', 11, 'Fles', 'Glas, Plaatstaal', 'tray', 6000, 'ml', 8.58, 99, '6000, Fles, Glas, Liter, Peer, Cranberry, Tray', null, null, 0, 0, 0, 0, null, '/images/dbimg/28-peer-cranberry-fles.webp', null, null, null, null, null, 'Goed schudden voor gebruik', 'Koel en donker bewaren', 'Perensap 100%', 'Peer', '150KJ (35 kcal', '0,0 g', '0,0 g', '8,7 g', '8,7 g', '0,1 g', '0,0 g', null, '2022-10-17 13:46:21', null, null, 'Artikel: 00028'),
        (31, 2, null, 'Wortel Fles', 'Flevosap appel peer is 100% puur sap, op ambachtelijke wijze vers geperst op onze boerderij. Door licht te filteren behoudt het sap zn unieke smaak, zonder gebruik te maken van toevoegingen.', 'In de jaren 90 zijn wij, familie vermeulen, gestart met het maken van 100% pure vruchtensappen van fruit uit onze eigen boomgaard. We persen het fruit tot sap op een ambachtelijke, van oorsprong zwitserse, wijze op onze eigen boerderij. Het gemalen fruit wordt slechts eenmaal geperst middels een bandenpers. Daarbij vermijden we het gebruik van allerlei industriele high tech toepassingen en kunstmatige toevoegingen. Alleen zo verkrijgen we ons 100% pure, eerlijke sap, dat net zo Smaakt als het gezonde fruit zelf.', 14, 'Fles', 'Glas, Plaatstaal', 'ce', 1000, 'ml', 1.43, 99, '1000, Fles, Glas, Liter, Wortel', null, null, 1, 0, 0, 0, 3, '/images/dbimg/31-wortel-fles.webp', null, null, null, null, null, 'Goed schudden voor gebruik', 'Koel en donker bewaren', 'Appelsap 50%, Perensap 50%', 'Appel, Peer', '172 KJ (41 kcal)', '0,0 g', '0,0 g', '10,0 g', '9,6 g', '0,1 g', '0,0 g', null, '2022-10-17 13:46:21', null, null, 'Artikel: 00031'),
        (32, 2, null, 'Wortel Fles (Tray)', 'Flevosap appel peer is 100% puur sap, op ambachtelijke wijze vers geperst op onze boerderij. Door licht te filteren behoudt het sap zn unieke smaak, zonder gebruik te maken van toevoegingen.', 'In de jaren 90 zijn wij, familie vermeulen, gestart met het maken van 100% pure vruchtensappen van fruit uit onze eigen boomgaard. We persen het fruit tot sap op een ambachtelijke, van oorsprong zwitserse, wijze op onze eigen boerderij. Het gemalen fruit wordt slechts eenmaal geperst middels een bandenpers. Daarbij vermijden we het gebruik van allerlei industriele high tech toepassingen en kunstmatige toevoegingen. Alleen zo verkrijgen we ons 100% pure, eerlijke sap, dat net zo Smaakt als het gezonde fruit zelf.', 12, 'Fles', 'Glas, Plaatstaal', 'tray', 6000, 'ml', 8.58, 99, '6000, Fles, Glas, Liter, Wortel, Tray', null, null, 1, 0, 0, 0, 8, '/images/dbimg/32-wortel-fles.webp', null, null, null, null, null, 'Goed schudden voor gebruik', 'Koel en donker bewaren', 'Appelsap 50%, Perensap 50%', 'Appel, Peer', '172 KJ (41 kcal)', '0,0 g', '0,0 g', '10,0 g', '9,6 g', '0,1 g', '0,0 g', null, '2022-10-17 13:46:21', null, null, 'Artikel: 00032'),
        (33, 2, null, 'Tomaat Fles', 'Flevosap appel is 100% puur sap, op ambachtelijke wijze vers geperst op onze boerderij. Door licht te filteren behoudt het sap zn unieke smaak, zonder gebruik te maken van toevoegingen.', 'In de jaren 90 zijn wij, familie vermeulen, gestart met het maken van 100% pure vruchtensappen van fruit uit onze eigen boomgaard. We persen het fruit tot sap op een ambachtelijke, van oorsprong zwitserse, wijze op onze eigen boerderij. Het gemalen fruit wordt slechts eenmaal geperst middels een bandenpers. Daarbij vermijden we het gebruik van allerlei industriele high tech toepassingen en kunstmatige toevoegingen. Alleen zo verkrijgen we ons 100% pure, eerlijke sap, dat net zo Smaakt als het gezonde fruit zelf.', 12, 'Fles', 'Glas, Plaatstaal', 'ce', 1000, 'ml', 1.43, 99, '1000, Fles, Glas, Liter, Tomaat', null, null, 0, 0, 0, 0, null, '/images/dbimg/33-tomaten-fles.webp', null, null, null, null, null, 'Goed schudden voor gebruik', 'Koel en donker bewaren', 'Appelsap 100%', 'Appel', '194 KJ (46 kcal)', '0,0 g', '0,0 g', '11,2 g', '10,5 g', '0,1 g', '0,0 g', null, '2022-10-17 13:46:21', null, null, 'Artikel: 00033'),
        (34, 2, null, 'Tomaat Fles (Tray)', 'Flevosap appel is 100% puur sap, op ambachtelijke wijze vers geperst op onze boerderij. Door licht te filteren behoudt het sap zn unieke smaak, zonder gebruik te maken van toevoegingen.', 'In de jaren 90 zijn wij, familie vermeulen, gestart met het maken van 100% pure vruchtensappen van fruit uit onze eigen boomgaard. We persen het fruit tot sap op een ambachtelijke, van oorsprong zwitserse, wijze op onze eigen boerderij. Het gemalen fruit wordt slechts eenmaal geperst middels een bandenpers. Daarbij vermijden we het gebruik van allerlei industriele high tech toepassingen en kunstmatige toevoegingen. Alleen zo verkrijgen we ons 100% pure, eerlijke sap, dat net zo Smaakt als het gezonde fruit zelf.', 71, 'Fles', 'Glas, Plaatstaal', 'tray', 6000, 'ml', 8.58, 99, '6000, Fles, Glas, Liter, Tommat, Tray', null, null, 0, 0, 0, 0, null, '/images/dbimg/34-tomaten-fles.webp', null, null, null, null, null, 'Goed schudden voor gebruik', 'Koel en donker bewaren', 'Appelsap 100%', 'Appel', '194 KJ (46 kcal)', '0,0 g', '0,0 g', '11,2 g', '10,5 g', '0,1 g', '0,0 g', null, '2022-10-17 13:46:21', null, null, 'Artikel: 00034'),
        (35, 2, null, 'Rode Biet Fles', 'Flevosap peer is 100% puur sap, op ambachtelijke wijze vers geperst op onze boerderij. Door licht te filteren behoudt het sap zn unieke smaak, zonder gebruik te maken van toevoegingen.', 'In de jaren 90 zijn wij, familie vermeulen, gestart met het maken van 100% pure vruchtensappen van fruit uit onze eigen boomgaard. We persen het fruit tot sap op een ambachtelijke, van oorsprong zwitserse, wijze op onze eigen boerderij. Het gemalen fruit wordt slechts eenmaal geperst middels een bandenpers. Daarbij vermijden we het gebruik van allerlei industriele high tech toepassingen en kunstmatige toevoegingen. Alleen zo verkrijgen we ons 100% pure, eerlijke sap, dat net zo Smaakt als het gezonde fruit zelf.', 51, 'Fles', 'Glas, Plaatstaal', 'ce', 1000, 'ml', 1.43, 99, '1000, Fles, Glas, Liter, Rode Biet', null, null, 0, 0, 0, 0, null, '/images/dbimg/35-bieten-fles.webp', null, null, null, null, null, 'Goed schudden voor gebruik', 'Koel en donker bewaren', 'Perensap 100%', 'Peer', '150KJ (35 kcal', '0,0 g', '0,0 g', '8,7 g', '8,7 g', '0,1 g', '0,0 g', null, '2022-10-17 13:46:21', null, null, 'Artikel: 00035'),
        (36, 2, null, 'Rode Biet Fles (Tray)', 'Flevosap peer is 100% puur sap, op ambachtelijke wijze vers geperst op onze boerderij. Door licht te filteren behoudt het sap zn unieke smaak, zonder gebruik te maken van toevoegingen.', 'In de jaren 90 zijn wij, familie vermeulen, gestart met het maken van 100% pure vruchtensappen van fruit uit onze eigen boomgaard. We persen het fruit tot sap op een ambachtelijke, van oorsprong zwitserse, wijze op onze eigen boerderij. Het gemalen fruit wordt slechts eenmaal geperst middels een bandenpers. Daarbij vermijden we het gebruik van allerlei industriele high tech toepassingen en kunstmatige toevoegingen. Alleen zo verkrijgen we ons 100% pure, eerlijke sap, dat net zo Smaakt als het gezonde fruit zelf.', 22, 'Fles', 'Glas, Plaatstaal', 'tray', 6000, 'ml', 8.58, 99, '6000, Fles, Glas, Liter, Rode Biet, Tray', null, null, 0, 0, 0, 0, null, '/images/dbimg/36-bieten-fles.webp', null, null, null, null, null, 'Goed schudden voor gebruik', 'Koel en donker bewaren', 'Perensap 100%', 'Peer', '150KJ (35 kcal', '0,0 g', '0,0 g', '8,7 g', '8,7 g', '0,1 g', '0,0 g', null, '2022-10-17 13:46:21', null, null, 'Artikel: 00036'),
        (37, 6, null, 'Kleintje Appel', 'Flevosap appel peer is 100% puur sap, op ambachtelijke wijze vers geperst op onze boerderij. Door licht te filteren behoudt het sap zn unieke smaak, zonder gebruik te maken van toevoegingen.', 'In de jaren 90 zijn wij, familie vermeulen, gestart met het maken van 100% pure vruchtensappen van fruit uit onze eigen boomgaard. We persen het fruit tot sap op een ambachtelijke, van oorsprong zwitserse, wijze op onze eigen boerderij. Het gemalen fruit wordt slechts eenmaal geperst middels een bandenpers. Daarbij vermijden we het gebruik van allerlei industriele high tech toepassingen en kunstmatige toevoegingen. Alleen zo verkrijgen we ons 100% pure, eerlijke sap, dat net zo Smaakt als het gezonde fruit zelf.', 13, 'Petfles', 'Plastic, Papier', 'ce', 333, 'ml', 0.91, 99, '333, Flesje, Plastic, Appel, Kleintje', null, null, 0, 0, 0, 0, null, '/images/dbimg/37-appel-kleintje.webp', null, null, null, null, null, 'Goed schudden voor gebruik', 'Koel en donker bewaren', 'Appelsap 50%, Perensap 50%', 'Appel, Peer', '172 KJ (41 kcal)', '0,0 g', '0,0 g', '10,0 g', '9,6 g', '0,1 g', '0,0 g', null, '2022-10-17 13:46:21', null, null, 'Artikel: 00037'),
        (38, 6, null, 'Kleintje Appel (Tray)', 'Flevosap appel peer is 100% puur sap, op ambachtelijke wijze vers geperst op onze boerderij. Door licht te filteren behoudt het sap zn unieke smaak, zonder gebruik te maken van toevoegingen.', 'In de jaren 90 zijn wij, familie vermeulen, gestart met het maken van 100% pure vruchtensappen van fruit uit onze eigen boomgaard. We persen het fruit tot sap op een ambachtelijke, van oorsprong zwitserse, wijze op onze eigen boerderij. Het gemalen fruit wordt slechts eenmaal geperst middels een bandenpers. Daarbij vermijden we het gebruik van allerlei industriele high tech toepassingen en kunstmatige toevoegingen. Alleen zo verkrijgen we ons 100% pure, eerlijke sap, dat net zo Smaakt als het gezonde fruit zelf.', 4, 'Petfles', 'Plastic, Papier', 'tray', 2000, 'ml', 5.46, 99, '2000, Flesje, Plastic, Appel, Kleintje, Tray', null, null, 0, 1, 0, 0, null, '/images/dbimg/38-appel-kleintje.webp', null, null, null, null, null, 'Goed schudden voor gebruik', 'Koel en donker bewaren', 'Appelsap 50%, Perensap 50%', 'Appel, Peer', '172 KJ (41 kcal)', '0,0 g', '0,0 g', '10,0 g', '9,6 g', '0,1 g', '0,0 g', null, '2022-10-17 13:46:21', null, null, 'Artikel: 00038'),
        (39, 6, null, 'Appel Drinkpakje', 'Flevosap appel is 100% puur sap, op ambachtelijke wijze vers geperst op onze boerderij. Door licht te filteren behoudt het sap zn unieke smaak, zonder gebruik te maken van toevoegingen.', 'In de jaren 90 zijn wij, familie vermeulen, gestart met het maken van 100% pure vruchtensappen van fruit uit onze eigen boomgaard. We persen het fruit tot sap op een ambachtelijke, van oorsprong zwitserse, wijze op onze eigen boerderij. Het gemalen fruit wordt slechts eenmaal geperst middels een bandenpers. Daarbij vermijden we het gebruik van allerlei industriele high tech toepassingen en kunstmatige toevoegingen. Alleen zo verkrijgen we ons 100% pure, eerlijke sap, dat net zo Smaakt als het gezonde fruit zelf.', 1, 'Drinkpakje', 'Drinkkarton, Plastic', 'ce', 600, 'ml', 1.29, 99, '600, Pakje, Appel, Kind', null, null, 0, 0, 0, 0, null, '/images/dbimg/39-appel-pakje.webp', null, null, null, null, null, 'Goed schudden voor gebruik', 'Koel en donker bewaren', 'Appelsap 100%', 'Appel', '194 KJ (46 kcal)', '0,0 g', '0,0 g', '11,2 g', '10,5 g', '0,1 g', '0,0 g', null, '2022-10-17 13:46:21', null, null, 'Artikel: 00039'),
        (40, 6, null, 'Appel Drinkpakje (Tray)', 'Flevosap appel is 100% puur sap, op ambachtelijke wijze vers geperst op onze boerderij. Door licht te filteren behoudt het sap zn unieke smaak, zonder gebruik te maken van toevoegingen.', 'In de jaren 90 zijn wij, familie vermeulen, gestart met het maken van 100% pure vruchtensappen van fruit uit onze eigen boomgaard. We persen het fruit tot sap op een ambachtelijke, van oorsprong zwitserse, wijze op onze eigen boerderij. Het gemalen fruit wordt slechts eenmaal geperst middels een bandenpers. Daarbij vermijden we het gebruik van allerlei industriele high tech toepassingen en kunstmatige toevoegingen. Alleen zo verkrijgen we ons 100% pure, eerlijke sap, dat net zo Smaakt als het gezonde fruit zelf.', 12, 'Drinkpakje', 'Drinkkarton, Plastic', 'tray', 3600, 'ml', 7.74, 99, '3600, Pakje, Appel, Kind, Tray', null, null, 0, 0, 0, 0, null, '/images/dbimg/40-appel-pakje.webp', null, null, null, null, null, 'Goed schudden voor gebruik', 'Koel en donker bewaren', 'Appelsap 100%', 'Appel', '194 KJ (46 kcal)', '0,0 g', '0,0 g', '11,2 g', '10,5 g', '0,1 g', '0,0 g', null, '2022-10-17 13:46:21', null, null, 'Artikel: 00040'),
        (41, 6, null, 'Appel-Braam Drinkpakje', 'Flevosap peer is 100% puur sap, op ambachtelijke wijze vers geperst op onze boerderij. Door licht te filteren behoudt het sap zn unieke smaak, zonder gebruik te maken van toevoegingen.', 'In de jaren 90 zijn wij, familie vermeulen, gestart met het maken van 100% pure vruchtensappen van fruit uit onze eigen boomgaard. We persen het fruit tot sap op een ambachtelijke, van oorsprong zwitserse, wijze op onze eigen boerderij. Het gemalen fruit wordt slechts eenmaal geperst middels een bandenpers. Daarbij vermijden we het gebruik van allerlei industriele high tech toepassingen en kunstmatige toevoegingen. Alleen zo verkrijgen we ons 100% pure, eerlijke sap, dat net zo Smaakt als het gezonde fruit zelf.', 6, 'Drinkpakje', 'Drinkkarton, Plastic', 'ce', 600, 'ml', 1.29, 99, '600, Pakje, Appel, Braam, Kind', null, null, 0, 0, 0, 0, null, '/images/dbimg/41-appel-braam-pakje.webp', null, null, null, null, null, 'Goed schudden voor gebruik', 'Koel en donker bewaren', 'Perensap 100%', 'Peer', '150KJ (35 kcal', '0,0 g', '0,0 g', '8,7 g', '8,7 g', '0,1 g', '0,0 g', null, '2022-10-17 13:46:21', null, null, 'Artikel: 00041'),
        (42, 6, null, 'Appel-Braam Drinkpakje (Tray)', 'Flevosap peer is 100% puur sap, op ambachtelijke wijze vers geperst op onze boerderij. Door licht te filteren behoudt het sap zn unieke smaak, zonder gebruik te maken van toevoegingen.', 'In de jaren 90 zijn wij, familie vermeulen, gestart met het maken van 100% pure vruchtensappen van fruit uit onze eigen boomgaard. We persen het fruit tot sap op een ambachtelijke, van oorsprong zwitserse, wijze op onze eigen boerderij. Het gemalen fruit wordt slechts eenmaal geperst middels een bandenpers. Daarbij vermijden we het gebruik van allerlei industriele high tech toepassingen en kunstmatige toevoegingen. Alleen zo verkrijgen we ons 100% pure, eerlijke sap, dat net zo Smaakt als het gezonde fruit zelf.', 54, 'Drinkpakje', 'Drinkkarton, Plastic', 'tray', 3600, 'ml', 7.74, 99, '3600, Pakje, Appel, Braam, Kind, Tray', null, null, 0, 0, 0, 0, null, '/images/dbimg/42-appel-braam-pakje.webp', null, null, null, null, null, 'Goed schudden voor gebruik', 'Koel en donker bewaren', 'Perensap 100%', 'Peer', '150KJ (35 kcal', '0,0 g', '0,0 g', '8,7 g', '8,7 g', '0,1 g', '0,0 g', null, '2022-10-17 13:46:21', null, null, 'Artikel: 00042'),
        (43, 6, null, 'Appel-Ananas-Perzik Drinkpakje', 'Flevosap appel peer is 100% puur sap, op ambachtelijke wijze vers geperst op onze boerderij. Door licht te filteren behoudt het sap zn unieke smaak, zonder gebruik te maken van toevoegingen.', 'In de jaren 90 zijn wij, familie vermeulen, gestart met het maken van 100% pure vruchtensappen van fruit uit onze eigen boomgaard. We persen het fruit tot sap op een ambachtelijke, van oorsprong zwitserse, wijze op onze eigen boerderij. Het gemalen fruit wordt slechts eenmaal geperst middels een bandenpers. Daarbij vermijden we het gebruik van allerlei industriele high tech toepassingen en kunstmatige toevoegingen. Alleen zo verkrijgen we ons 100% pure, eerlijke sap, dat net zo Smaakt als het gezonde fruit zelf.', 1, 'Drinkpakje', 'Drinkkarton, Plastic', 'ce', 600, 'ml', 1.29, 99, '600, Pakje, Appel, Ananas, Perzik, Kind', null, null, 0, 0, 0, 0, null, '/images/dbimg/43-appel-ananas-perzik-pakje.webp', null, null, null, null, null, 'Goed schudden voor gebruik', 'Koel en donker bewaren', 'Appelsap 50%, Perensap 50%', 'Appel, Peer', '172 KJ (41 kcal)', '0,0 g', '0,0 g', '10,0 g', '9,6 g', '0,1 g', '0,0 g', null, '2022-10-17 13:46:21', null, null, 'Artikel: 00043'),
        (44, 6, null, 'Appel-Ananas-Perzik Drinkpakje (Tray)', 'Flevosap appel peer is 100% puur sap, op ambachtelijke wijze vers geperst op onze boerderij. Door licht te filteren behoudt het sap zn unieke smaak, zonder gebruik te maken van toevoegingen.', 'In de jaren 90 zijn wij, familie vermeulen, gestart met het maken van 100% pure vruchtensappen van fruit uit onze eigen boomgaard. We persen het fruit tot sap op een ambachtelijke, van oorsprong zwitserse, wijze op onze eigen boerderij. Het gemalen fruit wordt slechts eenmaal geperst middels een bandenpers. Daarbij vermijden we het gebruik van allerlei industriele high tech toepassingen en kunstmatige toevoegingen. Alleen zo verkrijgen we ons 100% pure, eerlijke sap, dat net zo Smaakt als het gezonde fruit zelf.', 13, 'Drinkpakje', 'Drinkkarton, Plastic', 'tray', 3600, 'ml', 7.74, 99, '3600, Pakje, Appel, Ananas, Perzik, Kind, Tray', null, null, 0, 0, 0, 0, null, '/images/dbimg/44-appel-ananas-perzik-pakje.webp', null, null, null, null, null, 'Goed schudden voor gebruik', 'Koel en donker bewaren', 'Appelsap 50%, Perensap 50%', 'Appel, Peer', '172 KJ (41 kcal)', '0,0 g', '0,0 g', '10,0 g', '9,6 g', '0,1 g', '0,0 g', null, '2022-10-17 13:46:21', null, null, 'Artikel: 00044'),
        (45, 1, null, 'Appel Horeca 1 Liter', 'Flevosap appel is 100% puur sap, op ambachtelijke wijze vers geperst op onze boerderij. Door licht te filteren behoudt het sap zn unieke smaak, zonder gebruik te maken van toevoegingen.', 'In de jaren 90 zijn wij, familie vermeulen, gestart met het maken van 100% pure vruchtensappen van fruit uit onze eigen boomgaard. We persen het fruit tot sap op een ambachtelijke, van oorsprong zwitserse, wijze op onze eigen boerderij. Het gemalen fruit wordt slechts eenmaal geperst middels een bandenpers. Daarbij vermijden we het gebruik van allerlei industriele high tech toepassingen en kunstmatige toevoegingen. Alleen zo verkrijgen we ons 100% pure, eerlijke sap, dat net zo Smaakt als het gezonde fruit zelf.', 13, 'Fles Horec', 'Glas, Plaatstaal', 'ce', 1000, 'ml', 1.36, 99, '1000, Horeca, Fles, Glas, Liter, Appel', null, null, 0, 0, 0, 0, null, '/images/dbimg/45-appel-horeca-fles.webp', null, null, null, null, null, 'Goed schudden voor gebruik', 'Koel en donker bewaren', 'Appelsap 100%', 'Appel', '194 KJ (46 kcal)', '0,0 g', '0,0 g', '11,2 g', '10,5 g', '0,1 g', '0,0 g', null, '2022-10-17 13:46:21', null, null, 'Artikel: 00045'),
        (46, 1, null, 'Appel Horeca 1 Liter (Krat)', 'Flevosap appel is 100% puur sap, op ambachtelijke wijze vers geperst op onze boerderij. Door licht te filteren behoudt het sap zn unieke smaak, zonder gebruik te maken van toevoegingen.', 'In de jaren 90 zijn wij, familie vermeulen, gestart met het maken van 100% pure vruchtensappen van fruit uit onze eigen boomgaard. We persen het fruit tot sap op een ambachtelijke, van oorsprong zwitserse, wijze op onze eigen boerderij. Het gemalen fruit wordt slechts eenmaal geperst middels een bandenpers. Daarbij vermijden we het gebruik van allerlei industriele high tech toepassingen en kunstmatige toevoegingen. Alleen zo verkrijgen we ons 100% pure, eerlijke sap, dat net zo Smaakt als het gezonde fruit zelf.', 21, 'Fles Horec', 'Glas, Plaatstaal', 'tray', 6000, 'ml', 8.16, 99, '6000, Horeca, Fles, Glas, Liter, Appel , Tray', null, null, 0, 0, 0, 0, null, '/images/dbimg/46-appel-horeca-fles.webp', null, null, null, null, null, 'Goed schudden voor gebruik', 'Koel en donker bewaren', 'Appelsap 100%', 'Appel', '194 KJ (46 kcal)', '0,0 g', '0,0 g', '11,2 g', '10,5 g', '0,1 g', '0,0 g', null, '2022-10-17 13:46:21', null, null, 'Artikel: 00046'),
        (47, 4, null, 'Appel Klassiek Flesje', 'Flevosap peer is 100% puur sap, op ambachtelijke wijze vers geperst op onze boerderij. Door licht te filteren behoudt het sap zn unieke smaak, zonder gebruik te maken van toevoegingen.', 'In de jaren 90 zijn wij, familie vermeulen, gestart met het maken van 100% pure vruchtensappen van fruit uit onze eigen boomgaard. We persen het fruit tot sap op een ambachtelijke, van oorsprong zwitserse, wijze op onze eigen boerderij. Het gemalen fruit wordt slechts eenmaal geperst middels een bandenpers. Daarbij vermijden we het gebruik van allerlei industriele high tech toepassingen en kunstmatige toevoegingen. Alleen zo verkrijgen we ons 100% pure, eerlijke sap, dat net zo Smaakt als het gezonde fruit zelf.', 41, 'Flesje Kla', 'Glas, Plaatstaal', 'ce', 200, 'ml', 0.61, 99, '200, Horeca, Bierflesje, Klassiek, Glas, Appel', null, null, 0, 0, 0, 0, null, '/images/dbimg/47-appel-klassiek.webp', null, null, null, null, null, 'Goed schudden voor gebruik', 'Koel en donker bewaren', 'Perensap 100%', 'Peer', '150KJ (35 kcal', '0,0 g', '0,0 g', '8,7 g', '8,7 g', '0,1 g', '0,0 g', null, '2022-10-17 13:46:21', null, null, 'Artikel: 00047'),
        (48, 4, null, 'Appel Klassiek Flesje (Krat)', 'Flevosap peer is 100% puur sap, op ambachtelijke wijze vers geperst op onze boerderij. Door licht te filteren behoudt het sap zn unieke smaak, zonder gebruik te maken van toevoegingen.', 'In de jaren 90 zijn wij, familie vermeulen, gestart met het maken van 100% pure vruchtensappen van fruit uit onze eigen boomgaard. We persen het fruit tot sap op een ambachtelijke, van oorsprong zwitserse, wijze op onze eigen boerderij. Het gemalen fruit wordt slechts eenmaal geperst middels een bandenpers. Daarbij vermijden we het gebruik van allerlei industriele high tech toepassingen en kunstmatige toevoegingen. Alleen zo verkrijgen we ons 100% pure, eerlijke sap, dat net zo Smaakt als het gezonde fruit zelf.', 5, 'Flesje Kla', 'Glas, Plaatstaal', 'tray', 1200, 'ml', 3.66, 99, '1200, Horeca, Bierflesje, Klassiek, Glas, Appel, Tray', null, null, 0, 1, 0, 0, null, '/images/dbimg/48-appel-klassiek.webp', null, null, null, null, null, 'Goed schudden voor gebruik', 'Koel en donker bewaren', 'Perensap 100%', 'Peer', '150KJ (35 kcal', '0,0 g', '0,0 g', '8,7 g', '8,7 g', '0,1 g', '0,0 g', null, '2022-10-17 13:46:21', null, null, 'Artikel: 00048'),
        (49, 4, null, 'Peer Klassiek Flesje', 'Flevosap appel peer is 100% puur sap, op ambachtelijke wijze vers geperst op onze boerderij. Door licht te filteren behoudt het sap zn unieke smaak, zonder gebruik te maken van toevoegingen.', 'In de jaren 90 zijn wij, familie vermeulen, gestart met het maken van 100% pure vruchtensappen van fruit uit onze eigen boomgaard. We persen het fruit tot sap op een ambachtelijke, van oorsprong zwitserse, wijze op onze eigen boerderij. Het gemalen fruit wordt slechts eenmaal geperst middels een bandenpers. Daarbij vermijden we het gebruik van allerlei industriele high tech toepassingen en kunstmatige toevoegingen. Alleen zo verkrijgen we ons 100% pure, eerlijke sap, dat net zo Smaakt als het gezonde fruit zelf.', 3, 'Flesje Kla', 'Glas, Plaatstaal', 'ce', 200, 'ml', 0.61, 99, '200, Horeca, Bierflesje, Klassiek, Glas, Peer', null, null, 0, 0, 0, 0, null, '/images/dbimg/49-peer-klassiek.webp', null, null, null, null, null, 'Goed schudden voor gebruik', 'Koel en donker bewaren', 'Appelsap 50%, Perensap 50%', 'Appel, Peer', '172 KJ (41 kcal)', '0,0 g', '0,0 g', '10,0 g', '9,6 g', '0,1 g', '0,0 g', null, '2022-10-17 13:46:21', null, null, 'Artikel: 00049'),
        (50, 4, null, 'Peer Klassiek Flesje (Krat)', 'Flevosap appel peer is 100% puur sap, op ambachtelijke wijze vers geperst op onze boerderij. Door licht te filteren behoudt het sap zn unieke smaak, zonder gebruik te maken van toevoegingen.', 'In de jaren 90 zijn wij, familie vermeulen, gestart met het maken van 100% pure vruchtensappen van fruit uit onze eigen boomgaard. We persen het fruit tot sap op een ambachtelijke, van oorsprong zwitserse, wijze op onze eigen boerderij. Het gemalen fruit wordt slechts eenmaal geperst middels een bandenpers. Daarbij vermijden we het gebruik van allerlei industriele high tech toepassingen en kunstmatige toevoegingen. Alleen zo verkrijgen we ons 100% pure, eerlijke sap, dat net zo Smaakt als het gezonde fruit zelf.', 1, 'Flesje Kla', 'Glas, Plaatstaal', 'tray', 1200, 'ml', 3.66, 99, '1200, Horeca, Bierflesje, Klassiek, Glas, Peer, Tray', null, null, 0, 0, 0, 0, null, '/images/dbimg/50-peer-klassiek.webp', null, null, null, null, null, 'Goed schudden voor gebruik', 'Koel en donker bewaren', 'Appelsap 50%, Perensap 50%', 'Appel, Peer', '172 KJ (41 kcal)', '0,0 g', '0,0 g', '10,0 g', '9,6 g', '0,1 g', '0,0 g', null, '2022-10-17 13:46:21', null, null, 'Artikel: 00050'),
        (51, 4, null, 'Sinaasappel Klassiek Flesje', 'Flevosap appel peer is 100% puur sap, op ambachtelijke wijze vers geperst op onze boerderij. Door licht te filteren behoudt het sap zn unieke smaak, zonder gebruik te maken van toevoegingen.', 'In de jaren 90 zijn wij, familie vermeulen, gestart met het maken van 100% pure vruchtensappen van fruit uit onze eigen boomgaard. We persen het fruit tot sap op een ambachtelijke, van oorsprong zwitserse, wijze op onze eigen boerderij. Het gemalen fruit wordt slechts eenmaal geperst middels een bandenpers. Daarbij vermijden we het gebruik van allerlei industriele high tech toepassingen en kunstmatige toevoegingen. Alleen zo verkrijgen we ons 100% pure, eerlijke sap, dat net zo Smaakt als het gezonde fruit zelf.', 1, 'Flesje Kla', 'Glas, Plaatstaal', 'ce', 200, 'ml', 0.61, 99, '200, Horeca, Bierflesje, Klassiek, Glas, Sinaasappel', null, null, 0, 0, 0, 0, null, '/images/dbimg/51-sinaasappel-klassiek.webp', null, null, null, null, null, 'Goed schudden voor gebruik', 'Koel en donker bewaren', 'Appelsap 100%', 'Appel', '194 KJ (46 kcal)', '0,0 g', '0,0 g', '11,2 g', '10,5 g', '0,1 g', '0,0 g', null, '2022-10-17 13:46:21', null, null, 'Artikel: 00051'),
        (52, 4, null, 'Sinaasappel Klassiek Flesje (Krat)', 'Flevosap appel is 100% puur sap, op ambachtelijke wijze vers geperst op onze boerderij. Door licht te filteren behoudt het sap zn unieke smaak, zonder gebruik te maken van toevoegingen.', 'In de jaren 90 zijn wij, familie vermeulen, gestart met het maken van 100% pure vruchtensappen van fruit uit onze eigen boomgaard. We persen het fruit tot sap op een ambachtelijke, van oorsprong zwitserse, wijze op onze eigen boerderij. Het gemalen fruit wordt slechts eenmaal geperst middels een bandenpers. Daarbij vermijden we het gebruik van allerlei industriele high tech toepassingen en kunstmatige toevoegingen. Alleen zo verkrijgen we ons 100% pure, eerlijke sap, dat net zo Smaakt als het gezonde fruit zelf.', 1, 'Flesje Kla', 'Glas, Plaatstaal', 'tray', 1200, 'ml', 3.66, 99, '1200, Horeca, Bierflesje, Klassiek, Glas, Sinaasappel, Tray', null, null, 0, 0, 0, 0, null, '/images/dbimg/52-sinaasappel-klassiek.webp', null, null, null, null, null, 'Goed schudden voor gebruik', 'Koel en donker bewaren', 'Appelsap 100%', 'Appel', '194 KJ (46 kcal)', '0,0 g', '0,0 g', '11,2 g', '10,5 g', '0,1 g', '0,0 g', null, '2022-10-17 13:46:21', null, null, 'Artikel: 00052'),
        (53, 4, null, 'Appel-Ananas-Perzik Klassiek Flesje', 'Flevosap appel is 100% puur sap, op ambachtelijke wijze vers geperst op onze boerderij. Door licht te filteren behoudt het sap zn unieke smaak, zonder gebruik te maken van toevoegingen.', 'In de jaren 90 zijn wij, familie vermeulen, gestart met het maken van 100% pure vruchtensappen van fruit uit onze eigen boomgaard. We persen het fruit tot sap op een ambachtelijke, van oorsprong zwitserse, wijze op onze eigen boerderij. Het gemalen fruit wordt slechts eenmaal geperst middels een bandenpers. Daarbij vermijden we het gebruik van allerlei industriele high tech toepassingen en kunstmatige toevoegingen. Alleen zo verkrijgen we ons 100% pure, eerlijke sap, dat net zo Smaakt als het gezonde fruit zelf.', 44, 'Flesje Kla', 'Glas, Plaatstaal', 'ce', 200, 'ml', 0.61, 99, '200, Horeca, Bierflesje, Klassiek, Glas, Appel, Ananas', null, null, 0, 0, 0, 0, null, '/images/dbimg/53-appel-ananas-perzik-klassiek.webp', null, null, null, null, null, 'Goed schudden voor gebruik', 'Koel en donker bewaren', 'Perensap 100%', 'Peer', '150KJ (35 kcal', '0,0 g', '0,0 g', '8,7 g', '8,7 g', '0,1 g', '0,0 g', null, '2022-10-17 13:46:21', null, null, 'Artikel: 00053'),
        (54, 4, null, 'Appel-Ananas-Perzik Klassiek Flesje (Krat)', 'Flevosap peer is 100% puur sap, op ambachtelijke wijze vers geperst op onze boerderij. Door licht te filteren behoudt het sap zn unieke smaak, zonder gebruik te maken van toevoegingen.', 'In de jaren 90 zijn wij, familie vermeulen, gestart met het maken van 100% pure vruchtensappen van fruit uit onze eigen boomgaard. We persen het fruit tot sap op een ambachtelijke, van oorsprong zwitserse, wijze op onze eigen boerderij. Het gemalen fruit wordt slechts eenmaal geperst middels een bandenpers. Daarbij vermijden we het gebruik van allerlei industriele high tech toepassingen en kunstmatige toevoegingen. Alleen zo verkrijgen we ons 100% pure, eerlijke sap, dat net zo Smaakt als het gezonde fruit zelf.', 11, 'Flesje Kla', 'Glas, Plaatstaal', 'tray', 1200, 'ml', 3.66, 99, '1200, Horeca, Bierflesje, Klassiek, Glas, Appel, Ananas, Tray', null, null, 0, 0, 0, 0, null, '/images/dbimg/54-appel-ananas-perzik-klassiek.webp', null, null, null, null, null, 'Goed schudden voor gebruik', 'Koel en donker bewaren', 'Perensap 100%', 'Peer', '150KJ (35 kcal', '0,0 g', '0,0 g', '8,7 g', '8,7 g', '0,1 g', '0,0 g', null, '2022-10-17 13:46:21', null, null, 'Artikel: 00054'),
        (55, 4, null, 'Appel Horeca Flesje', 'Flevosap peer is 100% puur sap, op ambachtelijke wijze vers geperst op onze boerderij. Door licht te filteren behoudt het sap zn unieke smaak, zonder gebruik te maken van toevoegingen.', 'In de jaren 90 zijn wij, familie vermeulen, gestart met het maken van 100% pure vruchtensappen van fruit uit onze eigen boomgaard. We persen het fruit tot sap op een ambachtelijke, van oorsprong zwitserse, wijze op onze eigen boerderij. Het gemalen fruit wordt slechts eenmaal geperst middels een bandenpers. Daarbij vermijden we het gebruik van allerlei industriele high tech toepassingen en kunstmatige toevoegingen. Alleen zo verkrijgen we ons 100% pure, eerlijke sap, dat net zo Smaakt als het gezonde fruit zelf.', 55, 'Flesje Hor', 'Glas, Plaatstaal', 'ce', 200, 'ml', 0.61, 99, '200, Horeca, Flesje, Glas, Appel', null, null, 0, 0, 0, 0, null, '/images/dbimg/55-appel-horeca.webp', null, null, null, null, null, 'Goed schudden voor gebruik', 'Koel en donker bewaren', 'Appelsap 50%, Perensap 50%', 'Appel, Peer', '172 KJ (41 kcal)', '0,0 g', '0,0 g', '10,0 g', '9,6 g', '0,1 g', '0,0 g', null, '2022-10-17 13:46:21', null, null, 'Artikel: 00055'),
        (56, 4, null, 'Appel Horeca Flesje (Tray)', 'Flevosap appel peer is 100% puur sap, op ambachtelijke wijze vers geperst op onze boerderij. Door licht te filteren behoudt het sap zn unieke smaak, zonder gebruik te maken van toevoegingen.', 'In de jaren 90 zijn wij, familie vermeulen, gestart met het maken van 100% pure vruchtensappen van fruit uit onze eigen boomgaard. We persen het fruit tot sap op een ambachtelijke, van oorsprong zwitserse, wijze op onze eigen boerderij. Het gemalen fruit wordt slechts eenmaal geperst middels een bandenpers. Daarbij vermijden we het gebruik van allerlei industriele high tech toepassingen en kunstmatige toevoegingen. Alleen zo verkrijgen we ons 100% pure, eerlijke sap, dat net zo Smaakt als het gezonde fruit zelf.', 11, 'Flesje Hor', 'Glas, Plaatstaal', 'tray', 1200, 'ml', 3.66, 99, '1200, Horeca, Flesje, Glas, Appel, Tray', null, null, 0, 0, 0, 0, null, '/images/dbimg/56-appel-horeca.webp', null, null, null, null, null, 'Goed schudden voor gebruik', 'Koel en donker bewaren', 'Appelsap 50%, Perensap 50%', 'Appel, Peer', '172 KJ (41 kcal)', '0,0 g', '0,0 g', '10,0 g', '9,6 g', '0,1 g', '0,0 g', null, '2022-10-17 13:46:21', null, null, 'Artikel: 00056'),
        (57, 4, null, 'Appel-Aardbei Horeca Flesje', 'Flevosap appel peer is 100% puur sap, op ambachtelijke wijze vers geperst op onze boerderij. Door licht te filteren behoudt het sap zn unieke smaak, zonder gebruik te maken van toevoegingen.', 'In de jaren 90 zijn wij, familie vermeulen, gestart met het maken van 100% pure vruchtensappen van fruit uit onze eigen boomgaard. We persen het fruit tot sap op een ambachtelijke, van oorsprong zwitserse, wijze op onze eigen boerderij. Het gemalen fruit wordt slechts eenmaal geperst middels een bandenpers. Daarbij vermijden we het gebruik van allerlei industriele high tech toepassingen en kunstmatige toevoegingen. Alleen zo verkrijgen we ons 100% pure, eerlijke sap, dat net zo Smaakt als het gezonde fruit zelf.', 11, 'Flesje Hor', 'Glas, Plaatstaal', 'ce', 200, 'ml', 0.61, 99, '200, Horeca, Flesje, Glas, Appel, Aardbei', null, null, 0, 0, 0, 0, null, '/images/dbimg/57-appel-aardbei-horeca.webp', null, null, null, null, null, 'Goed schudden voor gebruik', 'Koel en donker bewaren', 'Appelsap 100%', 'Appel', '194 KJ (46 kcal)', '0,0 g', '0,0 g', '11,2 g', '10,5 g', '0,1 g', '0,0 g', null, '2022-10-17 13:46:21', null, null, 'Artikel: 00057'),
        (58, 4, null, 'Appel-Aardbei Horeca Flesje (Tray)', 'Flevosap appel is 100% puur sap, op ambachtelijke wijze vers geperst op onze boerderij. Door licht te filteren behoudt het sap zn unieke smaak, zonder gebruik te maken van toevoegingen.', 'In de jaren 90 zijn wij, familie vermeulen, gestart met het maken van 100% pure vruchtensappen van fruit uit onze eigen boomgaard. We persen het fruit tot sap op een ambachtelijke, van oorsprong zwitserse, wijze op onze eigen boerderij. Het gemalen fruit wordt slechts eenmaal geperst middels een bandenpers. Daarbij vermijden we het gebruik van allerlei industriele high tech toepassingen en kunstmatige toevoegingen. Alleen zo verkrijgen we ons 100% pure, eerlijke sap, dat net zo Smaakt als het gezonde fruit zelf.', 22, 'Flesje Hor', 'Glas, Plaatstaal', 'tray', 1200, 'ml', 3.66, 99, '1200, Horeca, Flesje, Glas, Appel, Aardbei, Tray', null, null, 0, 1, 0, 0, null, '/images/dbimg/58-appel-aardbei-horeca.webp', null, null, null, null, null, 'Goed schudden voor gebruik', 'Koel en donker bewaren', 'Appelsap 100%', 'Appel', '194 KJ (46 kcal)', '0,0 g', '0,0 g', '11,2 g', '10,5 g', '0,1 g', '0,0 g', null, '2022-10-17 13:46:21', null, null, 'Artikel: 00058'),
        (59, 4, null, 'Appel-Ananas-Perzik Horeca Flesje', 'Flevosap appel is 100% puur sap, op ambachtelijke wijze vers geperst op onze boerderij. Door licht te filteren behoudt het sap zn unieke smaak, zonder gebruik te maken van toevoegingen.', 'In de jaren 90 zijn wij, familie vermeulen, gestart met het maken van 100% pure vruchtensappen van fruit uit onze eigen boomgaard. We persen het fruit tot sap op een ambachtelijke, van oorsprong zwitserse, wijze op onze eigen boerderij. Het gemalen fruit wordt slechts eenmaal geperst middels een bandenpers. Daarbij vermijden we het gebruik van allerlei industriele high tech toepassingen en kunstmatige toevoegingen. Alleen zo verkrijgen we ons 100% pure, eerlijke sap, dat net zo Smaakt als het gezonde fruit zelf.', 11, 'Flesje Hor', 'Glas, Plaatstaal', 'ce', 200, 'ml', 0.61, 99, '200, Horeca, Flesje, Glas, Appel, Ananas, Perzik', null, null, 0, 0, 0, 0, null, '/images/dbimg/59-appel-ananas-perzik-horeca.webp', null, null, null, null, null, 'Goed schudden voor gebruik', 'Koel en donker bewaren', 'Perensap 100%', 'Peer', '150KJ (35 kcal', '0,0 g', '0,0 g', '8,7 g', '8,7 g', '0,1 g', '0,0 g', null, '2022-10-17 13:46:21', null, null, 'Artikel: 00059'),
        (60, 4, null, 'Appel-Ananas-Perzik Horeca Flesje (Tray)', 'Flevosap peer is 100% puur sap, op ambachtelijke wijze vers geperst op onze boerderij. Door licht te filteren behoudt het sap zn unieke smaak, zonder gebruik te maken van toevoegingen.', 'In de jaren 90 zijn wij, familie vermeulen, gestart met het maken van 100% pure vruchtensappen van fruit uit onze eigen boomgaard. We persen het fruit tot sap op een ambachtelijke, van oorsprong zwitserse, wijze op onze eigen boerderij. Het gemalen fruit wordt slechts eenmaal geperst middels een bandenpers. Daarbij vermijden we het gebruik van allerlei industriele high tech toepassingen en kunstmatige toevoegingen. Alleen zo verkrijgen we ons 100% pure, eerlijke sap, dat net zo Smaakt als het gezonde fruit zelf.', 22, 'Flesje Hor', 'Glas, Plaatstaal', 'tray', 1200, 'ml', 3.66, 99, '1200, Horeca, Flesje, Glas, Appel, Ananas, Perzik, Tray', null, null, 0, 0, 0, 0, null, '/images/dbimg/60-appel-ananas-perzik-horeca.webp', null, null, null, null, null, 'Goed schudden voor gebruik', 'Koel en donker bewaren', 'Perensap 100%', 'Peer', '150KJ (35 kcal', '0,0 g', '0,0 g', '8,7 g', '8,7 g', '0,1 g', '0,0 g', null, '2022-10-17 13:46:21', null, null, 'Artikel: 00060'),
        (61, 4, null, 'Appel-Zwarte Bes Horeca Flesje', 'Flevosap peer is 100% puur sap, op ambachtelijke wijze vers geperst op onze boerderij. Door licht te filteren behoudt het sap zn unieke smaak, zonder gebruik te maken van toevoegingen.', 'In de jaren 90 zijn wij, familie vermeulen, gestart met het maken van 100% pure vruchtensappen van fruit uit onze eigen boomgaard. We persen het fruit tot sap op een ambachtelijke, van oorsprong zwitserse, wijze op onze eigen boerderij. Het gemalen fruit wordt slechts eenmaal geperst middels een bandenpers. Daarbij vermijden we het gebruik van allerlei industriele high tech toepassingen en kunstmatige toevoegingen. Alleen zo verkrijgen we ons 100% pure, eerlijke sap, dat net zo Smaakt als het gezonde fruit zelf.', 41, 'Flesje Hor', 'Glas, Plaatstaal', 'ce', 200, 'ml', 0.61, 99, '200, Horeca, Flesje, Glas, Appel, Zwarte Bes', null, null, 1, 0, 0, 0, null, '/images/dbimg/61-appel-zwartebes-horeca.webp', null, null, null, null, null, 'Goed schudden voor gebruik', 'Koel en donker bewaren', 'Appelsap 50%, Perensap 50%', 'Appel, Peer', '172 KJ (41 kcal)', '0,0 g', '0,0 g', '10,0 g', '9,6 g', '0,1 g', '0,0 g', null, '2022-10-17 13:46:21', null, null, 'Artikel: 00061'),
        (62, 4, null, 'Appel-Zwarte Bes Horeca Flesje (Tray)', 'Flevosap appel peer is 100% puur sap, op ambachtelijke wijze vers geperst op onze boerderij. Door licht te filteren behoudt het sap zn unieke smaak, zonder gebruik te maken van toevoegingen.', 'In de jaren 90 zijn wij, familie vermeulen, gestart met het maken van 100% pure vruchtensappen van fruit uit onze eigen boomgaard. We persen het fruit tot sap op een ambachtelijke, van oorsprong zwitserse, wijze op onze eigen boerderij. Het gemalen fruit wordt slechts eenmaal geperst middels een bandenpers. Daarbij vermijden we het gebruik van allerlei industriele high tech toepassingen en kunstmatige toevoegingen. Alleen zo verkrijgen we ons 100% pure, eerlijke sap, dat net zo Smaakt als het gezonde fruit zelf.', 13, 'Flesje Hor', 'Glas, Plaatstaal', 'tray', 1200, 'ml', 3.66, 99, '1200, Horeca, Flesje, Glas, Appel, Zwarte Bes, Tray', null, null, 1, 0, 0, 0, null, '/images/dbimg/62-appel-zwartebes-horeca.webp', null, null, null, null, null, 'Goed schudden voor gebruik', 'Koel en donker bewaren', 'Appelsap 50%, Perensap 50%', 'Appel, Peer', '172 KJ (41 kcal)', '0,0 g', '0,0 g', '10,0 g', '9,6 g', '0,1 g', '0,0 g', null, '2022-10-17 13:46:21', null, null, 'Artikel: 00062'),
        (63, 4, null, 'Peer Horeca Flesje', 'Flevosap appel peer is 100% puur sap, op ambachtelijke wijze vers geperst op onze boerderij. Door licht te filteren behoudt het sap zn unieke smaak, zonder gebruik te maken van toevoegingen.', 'In de jaren 90 zijn wij, familie vermeulen, gestart met het maken van 100% pure vruchtensappen van fruit uit onze eigen boomgaard. We persen het fruit tot sap op een ambachtelijke, van oorsprong zwitserse, wijze op onze eigen boerderij. Het gemalen fruit wordt slechts eenmaal geperst middels een bandenpers. Daarbij vermijden we het gebruik van allerlei industriele high tech toepassingen en kunstmatige toevoegingen. Alleen zo verkrijgen we ons 100% pure, eerlijke sap, dat net zo Smaakt als het gezonde fruit zelf.', 33, 'Flesje Hor', 'Glas, Plaatstaal', 'ce', 200, 'ml', 0.61, 99, '200, Horeca, Flesje, Glas, Peer', null, null, 0, 0, 0, 0, null, '/images/dbimg/63-peer-horeca.webp', null, null, null, null, null, 'Goed schudden voor gebruik', 'Koel en donker bewaren', 'Appelsap 100%', 'Appel', '194 KJ (46 kcal)', '0,0 g', '0,0 g', '11,2 g', '10,5 g', '0,1 g', '0,0 g', null, '2022-10-17 13:46:21', null, null, 'Artikel: 00063'),
        (64, 4, null, 'Peer Horeca Flesje (Tray)', 'Flevosap appel is 100% puur sap, op ambachtelijke wijze vers geperst op onze boerderij. Door licht te filteren behoudt het sap zn unieke smaak, zonder gebruik te maken van toevoegingen.', 'In de jaren 90 zijn wij, familie vermeulen, gestart met het maken van 100% pure vruchtensappen van fruit uit onze eigen boomgaard. We persen het fruit tot sap op een ambachtelijke, van oorsprong zwitserse, wijze op onze eigen boerderij. Het gemalen fruit wordt slechts eenmaal geperst middels een bandenpers. Daarbij vermijden we het gebruik van allerlei industriele high tech toepassingen en kunstmatige toevoegingen. Alleen zo verkrijgen we ons 100% pure, eerlijke sap, dat net zo Smaakt als het gezonde fruit zelf.', 15, 'Flesje Hor', 'Glas, Plaatstaal', 'tray', 1200, 'ml', 3.66, 99, '1200, Horeca, Flesje, Glas, Peer, Tray', null, null, 0, 0, 0, 0, null, '/images/dbimg/64-peer-horeca.webp', null, null, null, null, null, 'Goed schudden voor gebruik', 'Koel en donker bewaren', 'Appelsap 100%', 'Appel', '194 KJ (46 kcal)', '0,0 g', '0,0 g', '11,2 g', '10,5 g', '0,1 g', '0,0 g', null, '2022-10-17 13:46:21', null, null, 'Artikel: 00064'),
        (65, 4, null, 'Sinaasappel Horeca Flesje', 'Flevosap appel is 100% puur sap, op ambachtelijke wijze vers geperst op onze boerderij. Door licht te filteren behoudt het sap zn unieke smaak, zonder gebruik te maken van toevoegingen.', 'In de jaren 90 zijn wij, familie vermeulen, gestart met het maken van 100% pure vruchtensappen van fruit uit onze eigen boomgaard. We persen het fruit tot sap op een ambachtelijke, van oorsprong zwitserse, wijze op onze eigen boerderij. Het gemalen fruit wordt slechts eenmaal geperst middels een bandenpers. Daarbij vermijden we het gebruik van allerlei industriele high tech toepassingen en kunstmatige toevoegingen. Alleen zo verkrijgen we ons 100% pure, eerlijke sap, dat net zo Smaakt als het gezonde fruit zelf.', 53, 'Flesje Hor', 'Glas, Plaatstaal', 'ce', 200, 'ml', 0.61, 99, '200, Horeca, Flesje, Glas, Sinaasappel', null, null, 0, 0, 0, 0, null, '/images/dbimg/65-sinaasappel-horeca.webp', null, null, null, null, null, 'Goed schudden voor gebruik', 'Koel en donker bewaren', 'Perensap 100%', 'Peer', '150KJ (35 kcal', '0,0 g', '0,0 g', '8,7 g', '8,7 g', '0,1 g', '0,0 g', null, '2022-10-17 13:46:21', null, null, 'Artikel: 00065'),
        (66, 4, null, 'Sinaasappel Horeca Flesje (Tray)', 'Flevosap peer is 100% puur sap, op ambachtelijke wijze vers geperst op onze boerderij. Door licht te filteren behoudt het sap zn unieke smaak, zonder gebruik te maken van toevoegingen.', 'In de jaren 90 zijn wij, familie vermeulen, gestart met het maken van 100% pure vruchtensappen van fruit uit onze eigen boomgaard. We persen het fruit tot sap op een ambachtelijke, van oorsprong zwitserse, wijze op onze eigen boerderij. Het gemalen fruit wordt slechts eenmaal geperst middels een bandenpers. Daarbij vermijden we het gebruik van allerlei industriele high tech toepassingen en kunstmatige toevoegingen. Alleen zo verkrijgen we ons 100% pure, eerlijke sap, dat net zo Smaakt als het gezonde fruit zelf.', 55, 'Flesje Hor', 'Glas, Plaatstaal', 'tray', 1200, 'ml', 3.66, 99, '1200, Horeca, Flesje, Glas, Sinaasappel, Tray', null, null, 0, 0, 0, 0, null, '/images/dbimg/66-sinaasappel-horeca.webp', null, null, null, null, null, 'Goed schudden voor gebruik', 'Koel en donker bewaren', 'Perensap 100%', 'Peer', '150KJ (35 kcal', '0,0 g', '0,0 g', '8,7 g', '8,7 g', '0,1 g', '0,0 g', null, '2022-10-17 13:46:21', null, null, 'Artikel: 00066'),
        (67, 7, null, 'Smoothie Basissap Appel-Ananas-Mango', 'Flevosap peer is 100% puur sap, op ambachtelijke wijze vers geperst op onze boerderij. Door licht te filteren behoudt het sap zn unieke smaak, zonder gebruik te maken van toevoegingen.', 'In de jaren 90 zijn wij, familie vermeulen, gestart met het maken van 100% pure vruchtensappen van fruit uit onze eigen boomgaard. We persen het fruit tot sap op een ambachtelijke, van oorsprong zwitserse, wijze op onze eigen boerderij. Het gemalen fruit wordt slechts eenmaal geperst middels een bandenpers. Daarbij vermijden we het gebruik van allerlei industriele high tech toepassingen en kunstmatige toevoegingen. Alleen zo verkrijgen we ons 100% pure, eerlijke sap, dat net zo Smaakt als het gezonde fruit zelf.', 200, 'Drinkpak', 'Drinkkarton', 'ce', 200, 'ml', 0.61, 99, '200, Horeca, Pak, Smoothie, Appel, Ananas, Mango', null, null, 0, 0, 0, 0, null, '/images/dbimg/67-smoothie.webp', null, null, null, null, null, 'Goed schudden voor gebruik', 'Koel en donker bewaren', 'Appelsap 50%, Perensap 50%', 'Appel, Peer', '172 KJ (41 kcal)', '0,0 g', '0,0 g', '10,0 g', '9,6 g', '0,1 g', '0,0 g', null, '2022-10-17 13:46:21', null, null, 'Artikel: 00067'),
        (68, 7, null, 'Smoothie Basissap Appel-Ananas-Mango (Tray)', 'Flevosap appel peer is 100% puur sap, op ambachtelijke wijze vers geperst op onze boerderij. Door licht te filteren behoudt het sap zn unieke smaak, zonder gebruik te maken van toevoegingen.', 'In de jaren 90 zijn wij, familie vermeulen, gestart met het maken van 100% pure vruchtensappen van fruit uit onze eigen boomgaard. We persen het fruit tot sap op een ambachtelijke, van oorsprong zwitserse, wijze op onze eigen boerderij. Het gemalen fruit wordt slechts eenmaal geperst middels een bandenpers. Daarbij vermijden we het gebruik van allerlei industriele high tech toepassingen en kunstmatige toevoegingen. Alleen zo verkrijgen we ons 100% pure, eerlijke sap, dat net zo Smaakt als het gezonde fruit zelf.', 300, 'Drinkpak', 'Drinkkarton', 'tray', 1200, 'ml', 3.66, 99, '1200, Horeca, Pak, Smoothie, Appel, Ananas, Mango, Tray', null, null, 0, 0, 0, 0, null, '/images/dbimg/68-smoothie.webp', null, null, null, null, null, 'Goed schudden voor gebruik', 'Koel en donker bewaren', 'Appelsap 50%, Perensap 50%', 'Appel, Peer', '172 KJ (41 kcal)', '0,0 g', '0,0 g', '10,0 g', '9,6 g', '0,1 g', '0,0 g', null, '2022-10-17 13:46:21', null, null, 'Artikel: 00068'),
        (69, 3, null, 'Appel-Ananas-Perzik Ijs', 'Flevosap appel peer is 100% puur sap, op ambachtelijke wijze vers geperst op onze boerderij. Door licht te filteren behoudt het sap zn unieke smaak, zonder gebruik te maken van toevoegingen.', 'In de jaren 90 zijn wij, familie vermeulen, gestart met het maken van 100% pure vruchtensappen van fruit uit onze eigen boomgaard. We persen het fruit tot sap op een ambachtelijke, van oorsprong zwitserse, wijze op onze eigen boerderij. Het gemalen fruit wordt slechts eenmaal geperst middels een bandenpers. Daarbij vermijden we het gebruik van allerlei industriele high tech toepassingen en kunstmatige toevoegingen. Alleen zo verkrijgen we ons 100% pure, eerlijke sap, dat net zo Smaakt als het gezonde fruit zelf.', 7, 'Stokje', 'Plastic, Karton, Hout', 'ce', 250, 'g', 1.99, 99, '250, Horeca, Ijs, Kind, Appel, Ananas', null, null, 0, 0, 0, 0, null, '/images/dbimg/69-appel-ananas-ijs.webp', null, null, null, null, null, 'Goed schudden voor gebruik', 'Koel en donker bewaren', 'Appelsap 100%', 'Peer', '150KJ (35 kcal', '0,0 g', '0,0 g', '8,7 g', '8,7 g', '0,1 g', '0,0 g', null, '2022-10-17 13:46:21', null, null, 'Artikel: 00069'),
        (70, 3, null, 'Appel-Ananas-Perzik Ijs (Tray)', 'Flevosap appel is 100% puur sap, op ambachtelijke wijze vers geperst op onze boerderij. Door licht te filteren behoudt het sap zn unieke smaak, zonder gebruik te maken van toevoegingen.', 'In de jaren 90 zijn wij, familie vermeulen, gestart met het maken van 100% pure vruchtensappen van fruit uit onze eigen boomgaard. We persen het fruit tot sap op een ambachtelijke, van oorsprong zwitserse, wijze op onze eigen boerderij. Het gemalen fruit wordt slechts eenmaal geperst middels een bandenpers. Daarbij vermijden we het gebruik van allerlei industriele high tech toepassingen en kunstmatige toevoegingen. Alleen zo verkrijgen we ons 100% pure, eerlijke sap, dat net zo Smaakt als het gezonde fruit zelf.', 11, 'Stokje', 'Plastic, Karton, Hout', 'tray', 1500, 'g', 11.94, 99, '1500, Horeca, Ijs, Kind, Appel, Ananas, Tray', null, null, 0, 1, 0, 0, null, '/images/dbimg/70-appel-ananas-ijs.webp', null, null, null, null, null, 'Goed schudden voor gebruik', 'Koel en donker bewaren', 'Appelsap 100%', 'Peer', '150KJ (35 kcal', '0,0 g', '0,0 g', '8,7 g', '8,7 g', '0,1 g', '0,0 g', null, '2022-10-17 13:46:21', null, null, 'Artikel: 00070'),
        (71, 3, null, 'Appel-Peer-Zwarte Bes Ijs', 'Flevosap appel is 100% puur sap, op ambachtelijke wijze vers geperst op onze boerderij. Door licht te filteren behoudt het sap zn unieke smaak, zonder gebruik te maken van toevoegingen.', 'In de jaren 90 zijn wij, familie vermeulen, gestart met het maken van 100% pure vruchtensappen van fruit uit onze eigen boomgaard. We persen het fruit tot sap op een ambachtelijke, van oorsprong zwitserse, wijze op onze eigen boerderij. Het gemalen fruit wordt slechts eenmaal geperst middels een bandenpers. Daarbij vermijden we het gebruik van allerlei industriele high tech toepassingen en kunstmatige toevoegingen. Alleen zo verkrijgen we ons 100% pure, eerlijke sap, dat net zo Smaakt als het gezonde fruit zelf.', 12, 'Stokje', 'Plastic, Karton, Hout', 'ce', 250, 'g', 1.99, 99, '250, Horeca, Ijs, Kind, Appel, Peer, Kind', null, null, 0, 0, 0, 0, null, '/images/dbimg/71-appel-peer-ijs.webp', null, null, null, null, null, 'Goed schudden voor gebruik', 'Koel en donker bewaren', 'Perensap 100%', 'Appel, Peer', '172 KJ (41 kcal)', '0,0 g', '0,0 g', '10,0 g', '9,6 g', '0,1 g', '0,0 g', null, '2022-10-17 13:46:21', null, null, 'Artikel: 00071'),
        (72, 3, null, 'Appel-Peer-Zwarte Bes Ijs (Tray)', 'Flevosap peer is 100% puur sap, op ambachtelijke wijze vers geperst op onze boerderij. Door licht te filteren behoudt het sap zn unieke smaak, zonder gebruik te maken van toevoegingen.', 'In de jaren 90 zijn wij, familie vermeulen, gestart met het maken van 100% pure vruchtensappen van fruit uit onze eigen boomgaard. We persen het fruit tot sap op een ambachtelijke, van oorsprong zwitserse, wijze op onze eigen boerderij. Het gemalen fruit wordt slechts eenmaal geperst middels een bandenpers. Daarbij vermijden we het gebruik van allerlei industriele high tech toepassingen en kunstmatige toevoegingen. Alleen zo verkrijgen we ons 100% pure, eerlijke sap, dat net zo Smaakt als het gezonde fruit zelf.', 78, 'Stokje', 'Plastic, Karton, Hout', 'tray', 1500, 'g', 11.94, 99, '1500, Horeca, Ijs, Kind, Appel, Peer, Kind, Tray', null, null, 0, 0, 0, 0, null, '/images/dbimg/72-appel-peer-ijs.webp', null, null, null, null, null, 'Goed schudden voor gebruik', 'Koel en donker bewaren', 'Perensap 100%', 'Appel, Peer', '172 KJ (41 kcal)', '0,0 g', '0,0 g', '10,0 g', '9,6 g', '0,1 g', '0,0 g', null, '2022-10-17 13:46:21', null, null, 'Artikel: 00072');